Name;Groesse;md5(8);Betriebssysteme;Abbilder;Hinweis(Text im Programm)
-A002-M-.014;128;2887ac2b;SCP 1715 V0005;1;
-CPA.022;0;d41d8cd9;SCPX 1.x A5120;1;
-S001-MU.027;128;0f0e0805;SCP 1715 V0005;1;
-S005-MU.057;128;8a5c2f24;SCP 1715 V0005;1;
-SICHERH.900;0;d41d8cd9;SCPX 8915;1;
-SICHERH.901;0;d41d8cd9;SCPX 8915;3;
-SICHERH.904;0;d41d8cd9;SCPX 8915;1;
-T001-M-.042;128;8a5c2f24;SCP 1715 V0005;1;
0001.DAT;2048;4b3af827;SCPX 1.x PRG;6;
001;1024;0f343b09;SCPX 1.x PRG;4;
146.COM;512;27aae5d8;SCP 1715 V0004-0006;1;^S$     LAUFWERK(E): A$$$$  AUF FORMAT 16 * 256 * 40 (SCP) = 146K UMGE
188.COM;512;723da15b;SCP 1715 V0004-0006;1;^S$     LAUFWERK(E): A$$$$  AUF FORMAT 5 * 1024 * 40 (DAC) = 188K UMGE
198.COM;2048;c62c50d0;SCP 1715 V0004-0006;1;^S$     LAUFWERK(E): A$$$$  AUF FORMAT 5 * 1024 * 40 (CPA) = 198K UMGE
46A.TXT;49536;a6f71135;SCP 1715 V0004-0006;1;
46FZ.TXT;49792;8e40a2c3;SCP 1715 V0004-0006;1;
46OEK.TXT;63104;33d91907;SCP 1715 V0004-0006;1;
46PR.TXT;90752;be621a16;SCP 1715 V0004-0006;1;
46TR.TXT;71424;f6d76634;SCP 1715 V0004-0006;1;
620.COM;512;2362c999;SCP 1715 V0004-0006;1;^S$     LAUFWERK(E): A$$$$  AUF FORMAT 32 * 256 * 80 (SCP) = 620K UMGE
776.COM;2048;548a4b84;SCP 1715 V0004-0006;1;^S$     LAUFWERK(E): A$$$$  AUF FORMAT 10 * 1024* 80 (SCP1K)=776K UMGE
780.COM;2048;629ac867;SCP 1715 V0004-0006;1;^S$     LAUFWERK(E): A$$$$  AUF FORMAT 32 * 256 * 80 (SCP) = 620K UMGE
794.COM;2048;67a82121;SCP 1715 V0004-0006;1;^S$     LAUFWERK(E): A$$$$  AUF FORMAT 10 * 1024* 80 (CP/A)= 794K UMGE
796.COM;2048;5e11df87;SCP 1715 V0004-0006;1;^S$     LAUFWERK(E): A$$$$  AUF FORMAT 32 * 256 * 80 (SCP) = 620K UMGE
800.COM;2048;79d54e3c;SCP 1715 V0004-0006;1;^S$     LAUFWERK(E): A$$$$  AUF FORMAT 32 * 256 * 80 (SCP) = 620K UMGE
87NULL.L86;1024;3d056b05;SCP1700 (A7100);1;
========.===;4096;475adc5d;SCP 1715 V0004-0006;1;
========.===;6144;639638a3;SCP 1715 V0004-0006;1;
@OS.COM;14208;2dd114e7;SCP 1715 V0004-0006;2;Akademie der Wissenschaften,
@OS.COM;15104;30559215;SCPX 1.x A5120;1;Akademie der Wissenschaften,
@OS.COM;15104;e3dce295;SCPX 1.x A5120;1;Akademie der Wissenschaften,
@OS40.COM;15104;30559215;SCPX 1.x A5120;1;Akademie der Wissenschaften,
@OS80.COM;15104;30559215;SCPX 1.x A5120;1;Akademie der Wissenschaften,
A.TXT;9216;751ca4bf;SCP 1715 V0005;1;
ABBZBBD.CHN;5504;0f20128a;SCP 1715 V0004-0006;2;
ABKUERZ.TXT;2304;ae21893c;SCP 1715 V0005;1;
ADRADJBE.TXT;33152;47e4e9f3;SCP 1715 V0005;1;
ADRADJBE.TXT;22656;8182d5dd;SCP 1715 V0005;1;
ADRADJDA.TXT;2816;b25994fd;SCP 1715 V0005;1;
ADRADJDA.TXT;2688;e1f3ffd0;SCP 1715 V0005;1;
ADRADJFE.TXT;7808;1180c3da;SCP 1715 V0005;2;
ADRADJOI.TXT;9600;7089fbfe;SCP 1715 V0005;1;
ADRADJOI.TXT;9600;a129705d;SCP 1715 V0005;1;
ADRADJSP.TXT;33920;33c4cb7e;SCP 1715 V0005;1;
ADRADJSP.TXT;27904;bd7a532e;SCP 1715 V0005;1;
ADRADJST.TXT;2560;866f3992;SCP 1715 V0005;1;
ADRADJST.TXT;2688;ef4574e3;SCP 1715 V0005;1;
ADRESSE.BAK;128;e864b965;SCP 3.0 (1715W);1;
ADRESSE.BAS;640;0a1c0863;SCP 1715 V0005;1;
ADRESSE.TXT;0;d41d8cd9;SCP 1715 V0005;1;
AENDKUEN.BAK;1280;fba02c04;SCP 1715 V0004-0006;1;
AFISHA.ARJ;3712;5bb13e44;SCP 1715 V0004-0006;1;
AHASANBE.TXT;14336;0107463e;SCP 1715 V0005;1;
AHASANBE.TXT;8960;2c87bf9e;SCP 1715 V0005;1;
AHASANSP.TXT;30720;a18bcb6e;SCP 1715 V0005;1;
AHASANSP.TXT;24192;e98e9f54;SCP 1715 V0005;1;
AHYDRBE.TXT;3072;da48aa76;SCP 1715 V0005;1;
AHYDRSP.TXT;10496;56d32a0f;SCP 1715 V0005;1;
AKONADSP.TXT;28544;c54563fe;SCP 1715 V0005;1;
AKOPF.TXT;384;b30b1e82;SCP 1715 V0005;1;
AKOPF.TXT;384;e6527dd6;SCP 1715 V0005;1;
AKOPF1.TXT;256;feb71583;SCP 1715 V0005;1;
AKUEGRSP.TXT;11008;e35bb519;SCP 1715 V0005;1;
ALCP.000;28800;a47700f6;SCPX 1.x PRG;7;
ALCP.001;6016;358586b8;SCPX 1.x PRG;7;
ALI.DAT;128;0da02757;SCP 1715 V0004-0006;2;
ALIENS.COM;14336;6cb245f3;SCP 1715 V0004-0006;2;Usage: aliens <digit>
ALTER.CMD;6144;ff17b543;SCP 1715 V0004-0006;2;* Errechnen der max. Lebenserwartung
ANAFBGR.DBF;1536;f27ba2bb;SCP 1715 V0005;1;
ANGEBOT.CMD;4608;31e9a4f0;SCP 1715 V0005;1;* Programmname : ANGEBOT.CMD                                          
ANGEBOT.COM;128;3ca345a4;SCP 1715 V0005;1;Geben Sie bitte TW ANGEBOT ein.
ANGEBOT.TXT;29184;5669948e;SCP 1715 V0005;1;
ANGELBTR.BAS;12032;0aeecd63;SCP 1715 V0005;1;
ANGETR1.BAS;4992;0b7162b8;SCP 1715 V0005;1;
ANGETW10.TXT;9216;259c2647;SCP 1715 V0005;1;
ARBGER.BAK;25088;a6fa8029;SCP 1715 V0004-0006;1;
ARBGER.TXT;28800;734dd6a3;SCP 1715 V0004-0006;1;
ARMATUR.DAT;35456;553ee090;SCP 1715 V0004-0006;2;
ASCII.BAS;1664;0d1d4fca;SCP 1715 V0005;1;
ASEITE1.TXT;640;ef144caa;SCP 1715 V0005;2;
ASM.BAK;128;066cbc2a;SCP?ROBOTRON LOADER | ^#V++++++F+N | READ ERROR$NO FILE$ | ALL (;1;
ASM.COM;20480;05ea8a50;SCPX 1.x PRG;7;%No END statement
ASM.COM;20224;54dbe051;SCP?ROBOTRON LOADER | ^#V++++++F+N | READ ERROR$NO FILE$ | ALL (;1;%No END statement
ASM86.CMD;26240;153f8368;SCP1700 (A7100);1;12/12/84 XZYP
AST;384;50004813;SCP 3.0 (1715W);1;
AST.BAK;384;50004813;SCP 3.0 (1715W);1;
ATWWG.TXT;1408;e3d8109c;SCP 1715 V0005;1;
AUTO1715.COM;4352;148a600c;SCP 1715 V0004-0006;2;FWird eine weitere Runde gewuenscht ? Eingabe [J] ja, [N] nein: !
AUTO2.BAS;1280;67f80f35;SCP 1715 V0004-0006;2;
AUTOEXC.BAK;256;9f5e1bd9;SCP 3.0 (1715W);1;
AUTOEXC.SUB;256;ea70d508;SCP 3.0 (1715W);1;
AVERSOBE.TXT;3584;48727f1d;SCP 1715 V0005;1;
AVERSOKE.TXT;3712;9e282649;SCP 1715 V0005;1;
AVERSOOI.TXT;10880;5d62efa8;SCP 1715 V0005;1;
AVERSOSP.TXT;13824;e88bc108;SCP 1715 V0005;1;
AWASTRBE.TXT;10368;04d12dd7;SCP 1715 V0005;1;
AWASTRSP.TXT;28928;c31d0867;SCP 1715 V0005;1;
B151V24.SYS;3328;ef136a76;SCPX 1.x PRG;9;SCPX  V 1.5  B. Daehmlow
B152IFSS.SYS;3328;7d9bab68;SCPX 1.x PRG;9;SCPX  V 1.5  B. Daehmlow
B152V24.SYS;3328;78d760f2;SCPX 1.x PRG;9;SCPX  V 1.5  B. Daehmlow
B17172FS.SYS;3456;6a6fe1a7;SCPX 1.x PRG;7;SCPX 1526 - V 1.7 (52K)
B17172SD.SYS;3584;f9d5e93d;SCPX 1.x PRG;7;SCPX 1526 - V 1.7 (52K)
B17172V2.SYS;3328;251a324d;SCPX 1.x PRG;7;SCPX 1526 - V 1.7 (52K)
B17172ZI.SYS;3328;2115293a;SCPX 1.x PRG;7;SCPX 1526 - V 1.7 (52K)
B17272FS.SYS;3456;9c7057fd;SCPX 1.x PRG;7;SCPX 1526 - V 1.7 (52K)
B17272SD.SYS;3584;0b184751;SCPX 1.x PRG;7;SCPX 1526 - V 1.7 (52K)
B17272V2.SYS;3328;537cb468;SCPX 1.x PRG;7;SCPX 1526 - V 1.7 (52K)
B17272ZI.SYS;3328;0712c628;SCPX 1.x PRG;7;SCPX 1526 - V 1.7 (52K)
BALLON.BAS;4480;8ddeae68;SCP 1715 V0004-0006;2;
BANK.TXT;896;7be83f4b;SCP 3.0 (1715W);1;
BASI.COM;24320;460c5416;SCP 1715 V0004-0006;1;NEXT without FOR
BASI.COM;24320;b3227b0c;SCP 1715 V0004-0006, SCP 1715 V0005;3;NEXT without FOR
BASIC.CMD;29056;e9e4410f;SCP1700 (A7100);1;NEXT without FOR
BASLIB.REL;24960;822f8529;SCP 1715 V0004-0006;2;
BATTLE.COM;13056;9d833540;SCP 1715 V0004-0006;2;"battle.dat   No ""BATTLE.DAT"" file"
BATTLE.DAT;256;ce52a966;SCP 1715 V0004-0006;2;
BBD.DAT;75648;b4196ce3;SCP 1715 V0004-0006;2;
BDOC.TXT;11520;7d5842d5;SCPX 1.x A5120;1;
BDOS.ERL;4224;76368ec4;SCPX 1.x A5120;1;
BFA.BAK;1280;94898cb4;SCP 1715 V0004-0006;1;
BFA1.TXT;1280;44954341;SCP 1715 V0004-0006;1;
BGH.CMD;512;07b6fc2c;SCP 1715 V0005;1;"@ 2,10 say'Vorhandene Baugruppen sind mit ""*"" zu kennzeichnen !'"
BI.BAK;4480;5e09289e;SCP 1715 V0004-0006;1;
BI.BAK;4224;66b0df0f;SCP 3.0 (1715W);1;
BI.TXT;4224;24394624;SCP 3.0 (1715W);1;
BI.TXT;4480;ec89dd32;SCP 1715 V0004-0006;1;
BI01.BAK;3328;7080b483;SCP 3.0 (1715W);1;
BI01.BAK;3456;f2db3aca;SCP 1715 V0004-0006;1;
BI01.TXT;3328;20e009df;SCP 3.0 (1715W);1;
BI01.TXT;3456;fa27dabd;SCP 1715 V0004-0006;1;
BI0101.BAK;3328;a1358c7f;SCP 1715 V0004-0006;1;
BI0101.TXT;3200;ade272c7;SCP 1715 V0004-0006;1;
BI0102.BAK;3200;e1994ddf;SCP 1715 V0004-0006;1;
BI0102.BAK;2304;e2cb008b;SCP 3.0 (1715W);1;
BI0102.TXT;3200;536b235f;SCP 1715 V0004-0006;1;
BI0102.TXT;2944;aabe0132;SCP 3.0 (1715W);1;
BI0103.BAK;3456;5f477ab1;SCP 1715 V0004-0006;1;
BI0103.TXT;3456;7c2e8063;SCP 1715 V0004-0006;1;
BI0104.BAK;2432;81471139;SCP 1715 V0004-0006;1;
BI0104.BAK;3328;d9140cab;SCP 3.0 (1715W);1;
BI0104.TXT;3328;6c2df910;SCP 3.0 (1715W);1;
BI0104.TXT;2432;81471139;SCP 1715 V0004-0006;1;
BI02.BAK;3328;30e883cc;SCP 3.0 (1715W);1;
BI02.BAK;3456;f1c072c8;SCP 1715 V0004-0006;1;
BI02.TXT;3456;633cfb39;SCP 1715 V0004-0006;1;
BI02.TXT;3328;e9e15c7f;SCP 3.0 (1715W);1;
BI0201.BAK;2176;1aee5f2e;SCP 1715 V0004-0006;1;
BI0201.BAK;3072;42154f67;SCP 3.0 (1715W);1;
BI0201.TXT;2176;05296847;SCP 1715 V0004-0006;1;
BI0201.TXT;3072;b5fa4ae5;SCP 3.0 (1715W);1;
BI0202-3.BAK;2176;9791509b;SCP 1715 V0004-0006;1;
BI0202-3.TXT;2176;de94314f;SCP 1715 V0004-0006;1;
BI0204.BAK;3072;2f3790e3;SCP 1715 V0004-0006;1;
BI0204.TXT;3072;49c818d6;SCP 1715 V0004-0006;1;
BI0205.BAK;2176;4d417456;SCP 1715 V0004-0006;1;
BI0205.TXT;2176;d7daa117;SCP 1715 V0004-0006;1;
BI0210.BAK;2944;1208496b;SCP 3.0 (1715W);1;
BI0210.TXT;2944;1208496b;SCP 3.0 (1715W);1;
BI1001.BAK;1792;3f12a217;SCP 3.0 (1715W);1;
BI1001.BAK;2048;d207c267;SCP 1715 V0004-0006;1;
BI1001.TXT;1792;a3a00d83;SCP 3.0 (1715W);1;
BI1001.TXT;2048;d207c267;SCP 1715 V0004-0006;1;
BILD.BAS;2176;61fde2f8;SCP 1715 V0005;1;
BILD0.CMD;1024;1941b1e2;SCP 1715 V0005;1;"@  3,18 SAY 'V E B Schwermaschinenbaukombinat ""Ernst Thaelmann""'"
BILD1.CMD;512;340f2a66;SCP 1715 V0005;1;@ 12,35 say'BITTE WARTEN'
BILD2.CMD;512;9bb7b4ab;SCP 1715 V0005;1;@ 12,30 say'FALSCHE EINGABE'
BILD3.CMD;512;c17df03f;SCP 1715 V0005;1;@ 12,28 say'FUNKTION NICHT VERFUEGBAR'
BILLARD.COM;4736;38de62ac;SCPX 1.x A5120;3;KTASTE A --> AUFHOEREN
BILLARD.COM;4224;7d1d6d1f;SCP 1715 V0004-0006;2;ITASTE A --> AUFHOEREN
BINGO.COM;10368;27fd65cf;SCP 1715 V0004-0006;1;B 2,128,1,3,16,2,145,3,PUNKTE,1,3,60,2,128,1,3,50,2,145,3,HIGHSCORE,1,
BIOPCLD3.MAC;6912;b0478c53;SCPX 1.x A5120;1;
BIOPRAF.MAC;4352;13502f2e;SCPX 1.x A5120;1;
BIOPRAFC.MAC;768;b15ff07a;SCPX 1.x A5120;1;
BIOPRAFI.MAC;9984;a79fbc2a;SCPX 1.x A5120;1;
BIOS.A86;58496;c17bdf42;SCP1700 (A7100);1;
BIOS.ERL;9984;a1d0f929;SCPX 1.x A5120;1;
BIOS.MAC;41216;3d4c8b6c;SCPX 1.x A5120;1;
BIOSCH54.MAC;5760;8cad9d27;SCPX 1.x A5120;1;
BIOSCHD.MAC;6656;21ff0bc0;SCPX 1.x A5120;1;
BIOSCHDC.MAC;384;ffdca890;SCPX 1.x A5120;1;
BIOSCHK.MAC;5760;75394b1c;SCPX 1.x A5120;1;
BIOSCLD2.MAC;1536;383daa0e;SCPX 1.x A5120;1;
BIOSCLD3.MAC;6272;d40665b0;SCPX 1.x A5120;1;
BIOSCP54.MAC;1536;0e1fb462;SCPX 1.x A5120;1;
BIOSCP56.MAC;5888;165859a2;SCPX 1.x A5120;1;
BIOSCPB.MAC;3456;3d11c380;SCPX 1.x A5120;1;
BIOSCPIO.MAC;1920;91b96bec;SCPX 1.x A5120;1;
BIOSCRT.MAC;14720;c5ef0b3d;SCPX 1.x A5120;1;
BIOSCRTC.MAC;5376;a0bd003d;SCPX 1.x A5120;1;
BIOSCSIB.MAC;1792;4dd06f26;SCPX 1.x A5120;1;
BIOSCSIO.MAC;6016;944010ea;SCPX 1.x A5120;1;
BIOSDPB.MAC;8832;9c12291f;SCPX 1.x A5120;1;
BIOSDPBM.MAC;2816;c93119ea;SCPX 1.x A5120;1;
BIOSDSK.MAC;30464;31077111;SCPX 1.x A5120;1;
BIOSDSKC.MAC;1792;c978b9b3;SCPX 1.x A5120;1;
BIOSDSKP.MAC;8320;40ed5e40;SCPX 1.x A5120;1;
BIOSDSKT.MAC;21632;429e763a;SCPX 1.x A5120;1;
BIOSG617.SYS;6400;03a85763;SCPX 1.x A5120;9;SCPX 1526 - V 1.7  (52K)
BIOSG717.SYS;6400;43f11575;SCPX 1.x A5120;9;SCPX 1526 - V 1.7  (52K)
BIOSK617.SYS;6400;c564bbf2;SCPX 1.x A5120;9;SCPX 1526 - V 1.7  (52K)
BIOSK717.SYS;6400;882e0c44;SCPX 1.x A5120;9;SCPX 1526 - V 1.7  (52K)
BIOSKBD.MAC;16384;bba243fb;SCPX 1.x A5120;1;
BIOSKBDC.MAC;13056;5d0b465b;SCPX 1.x A5120;1;
BIOSMEM.MAC;3456;4d495fc2;SCPX 1.x A5120;1;
BIOSMON.MAC;8960;8151ffda;SCPX 1.x A5120;1;
BIOSNUC.MAC;23808;e340af0a;SCPX 1.x A5120;1;
BIOSRAF.MAC;4352;13502f2e;SCPX 1.x A5120;1;
BIOSRAFC.MAC;768;b15ff07a;SCPX 1.x A5120;1;
BIOSRAFC.REL;128;74982e80;SCPX 1.x A5120;1;
BIOSRAFI.MAC;9984;a79fbc2a;SCPX 1.x A5120;1;
BIOSREM.MAC;3712;e7687d1e;SCPX 1.x A5120;1;
BIOSREMC.MAC;6016;35e98c50;SCPX 1.x A5120;1;
BIOSROS.MAC;3072;a1bb3a2f;SCPX 1.x A5120;1;
BIOSROSC.MAC;1024;e4c73e91;SCPX 1.x A5120;1;
BIOSTIM.MAC;3840;a3aec6dc;SCPX 1.x A5120;1;
BIOSTIMC.MAC;640;a528550d;SCPX 1.x A5120;1;
BL1TAE.TXT;5248;508a8b08;SCP 1715 V0005;1;
BOMBA.BAS;2432;dbe1ca13;SCP 1715 V0004-0006;1;
BOWLBEST.DAT;128;ef6bf64d;SCP 1715 V0004-0006;2;
BOWLING.COM;13056;abded219;SCP 1715 V0004-0006;2;Copyright (C) 1985 BORLAND Inc
BOXAUTO.BAS;5376;159f71b3;SCP 1715 V0004-0006;1;
BR.BAK;896;7a0650fc;SCP 1715 V0004-0006;1;
BREMSE.COM;12672;d52a0770;SCP 1715 V0004-0006;2;Copyright (C) 1985 BORLAND Inc
BREMSE.TXT;17536;73307a23;SCP 1715 V0004-0006;2;
BROUN.ARJ;1536;492d3f9e;SCP 1715 V0004-0006;1;
BRUGGE;1280;18c5ffdf;SCP 3.0 (1715W);1;
BRUN.COM;15872;89fa07a9;SCP 1715 V0004-0006;1;[CP/M Version]
BRUN.COM;15488;d16e6c6f;SCP 3.0 (1715W);1;[SCPX VERSION]
BRUN.COM;15488;d972519f;SCP 1715 V0005;1;[CP/M Version]
BRUN.COM;15616;ffbeea25;SCP 1715 V0004-0006;2;[SCPX VERSION]
BSD.COM;2048;c083a5ef;SCP 1715 V0004-0006;1;=== BSD ===  V1/4   (29.02.88)    C.Goerner
BUAB.BAS;6016;b6e60d05;SCP 1715 V0005;1;
BUABA.BAS;2048;f76bd4c6;SCP 1715 V0005;1;
BUABD.BAS;8704;15e71721;SCP 1715 V0005;1;
BUABDAT1;128;0f290dc1;SCP 1715 V0005;1;
BUABDAT2;384;278431f7;SCP 1715 V0005;1;
BUABM.BAS;1408;b9d527b4;SCP 1715 V0005;1;
BUABR.BAS;5376;f8fbc63e;SCP 1715 V0005;1;
CAPS;256;c0679226;SCPX 1.x A5120;1;
CATCHUM.DAT;512;12203d08;SCPX 1.x A5120;3;
CATCHUM.DAT;640;9974bef1;SCP 1715 V0004-0006;1;
CATN.COM;29440;db25c18e;SCPX 1.x A5120;3;"ERROR $ AT PC $"""
CCP.COM;2048;393fe580;SCPX 1.x A5120;1;Akademie der Wissenschaften,
CCP.COM;3200;49e4671c;SCP 3.0 (1715W);13;Cannot load Program 210286  (C) R-BWS
CCP.ERL;2432;8227d001;SCPX 1.x A5120;1;
CCP.SPR;2560;e135447a;SCP 1715 V0007;4;
CCPBD17.SYS;5632;e41856c0;SCPX 1.x A5120, SCPX 1.x PRG;18;READ ERROR$NO FILE$
CEL87.L86;25344;240a181b;SCP1700 (A7100);1;
CEVICE.COM;256;5d82911e;SCP 3.0 (1715W);1;HHHHYYYH FFFGG HBCR
CHASER.COM;14720;034f4afc;SCPX 1.x A5120;3;Copyright (C) 1984 BORLAND Inc
CHASER.DAT;256;d8849747;SCPX 1.x A5120;3;
CHASER.PIC;2688;bf567c66;SCPX 1.x A5120;3;
CHRTEST.BAS;128;bd03401e;SCP 1715 V0005;1;
CLK.BAS;1024;802c3db1;SCP 1715 V0004-0006;2;
CLOCK.COM;12032;74afb0eb;SCP 1715 V0004-0006;1;Copyright (C) 1985 BORLAND Inc
CLS.COM;128;65916e8f;SCP 3.0 (1715W);1;Diskette   : !/S
CM2.COM;16128;1568293d;SCP 1715 V0004-0006;2;qqqrrqqqAaQ1!QaA*
CMK.COM;12032;170bbd4d;SCPX 1.x A5120;1;Firma S. Werner
CMKTAB.PAR;512;09a02f74;SCPX 1.x A5120;1;
CODP.COM;2176;7fc37c44;SCPX 1.x PRG;7;SORRY, SCPX 1.5 (OR UPWARD) IS REQUIRED !
COMM.ASC;128;4482446b;SCP 1715 V0004-0006;2;
COMMON0.ZGF;1536;b2105a07;SCP 3.0 (1715W);1;
COMMON2.ZGF;1536;f740903a;SCP 3.0 (1715W);1;
CONV1.COM;3072;c2e0d3d2;SCPX 1.x PRG;7;SCP-DISKETTE IN LAUFWERK STECKEN  --->  (A,B,C):  $COM
CONVERT.COM;9600;6885a4b0;SCP 1715 V0004-0006;1;Copyright (C) 1984 BORLAND Inc
COPYBBD.CHN;3072;d2833f3b;SCP 1715 V0004-0006;2;
COPYDISK.CMD;3200;27ac9a19;SCP1700 (A7100);1;DISK ERROR: Retry(R) or Ignore(I) or Cancel(C)?
COPYSYS.COM;3456;a9e44269;SCP 3.0 (1715W);13;Copyright (c)  1986  R-BWS  06/10/86
COPYSYS.COM;3456;f9751ed8;SCP 3.0 (1715W);1;COPYRIGHT (C) 1988 - a.k.,sssr
CP.COM;3200;c4e32bc8;SCP 3.0 (1715W);1;Cannot load Program 121188  (C) a.k.,sssr
CPA.DOK;67200;8014a68c;SCPX 1.x A5120;1;
CPA1715G.COM;1280;55610b91;SCP 1715 V0004-0006;1;CPA 1715: Anlegen einer neuen Systemdiskette, Version 08.09.86$
CPABCGEN.COM;8448;014aae4c;SCPX 1.x A5120;1;CP/A fuer Buerocomputer:
CPAKEY.MAC;3072;b2174478;SCPX 1.x A5120;1;
CPMADR.COM;5632;a18c6837;CP/Z 2.2;1;CP/M Data Program Version 1.0 by C. B. Mueller 12/15/82
CPMSTAT.COM;9600;6c12fc39;CP/Z 2.2;1;Copyright (C) 1985 BORLAND Inc
CPZDUP.COM;2048;2ffb932b;CP/Z 2.2;1;CP/Z - System kopieren    Version 12/87
CPZGEN.COM;2560;a2119738;CP/Z 2.2;1;CP/Z - Systemgenerierung  Version 12/87
CPZINIT.COM;12416;626da0eb;CP/Z 2.2;1;CPZINIT  Version vom 07.10.86 (A 5120/30)
CRASH.COM;3200;8b073b19;SCP 1715 V0004-0006;2;E        Hindernis !
CROSSER.COM;2688;26eb63bc;SCP 1715 V0004-0006;1;*****    CROSSER    *****$DO YOU WANT TO MOVE FIRST ?$YOUR MOVE: $IS I
CRT.MAC;16384;840efd91;SCPX 1.x A5120;1;
D;128;79bd955a;SCP 1715 V0004-0006;1;
D.COM;3072;5bf6f973;SCP 1715 V0005;2;File(s), belegen
DATE.COM;2816;540c6352;SCP 3.0 (1715W);13;SCP 3.0         Copyright  (c)  1986, R-BWS     010186
DBASE.COM;19456;4b332ad8;SCP 1715 V0004-0006;2;CDEFILPRSTV#@$!*
DBASEMSG.TXT;3072;4cb855f1;SCP 1715 V0005;1;
DBASEOVR.$$$;16512;50739956;SCP 1715 V0004-0006;2;
DBASEOVR.COM;40192;f3562b8a;SCP 1715 V0005;1;dBASE II COPYRIGHT (C) 1982 BY RATLIFF SOFTWARE PRODUCTION, INCORPORAT
DCON87.L86;8960;04d59c2c;SCP1700 (A7100);1;
DCPSET.COM;34688;45f2d79a;SCP 1715 V0004-0006;1;PASCAL 880/S RWS 0
DDIR.COM;2304;60041cc4;SCP 1715 V0004-0006;1;UNABLE TO CREATE OUTPUT FILE
DDT86.CMD;13952;a6ca3cb4;SCP1700 (A7100);1;INSUFFICIENT MEMOR
DELE.SUB;128;eaa31006;SCP 3.0 (1715W);1;
DEVICE.COM;7424;87cd4e4b;SCP 3.0 (1715W);13;SCP 3.0         Copyright  (c)  1986, R-BWS     010186
DGEN.OVL;6656;437cb507;SCP 1715 V0005;1;
DIAERL.BAK;8320;78b2900d;SCP 3.0 (1715W);1;
DIAERL.TXT;8320;78b2900d;SCP 3.0 (1715W);1;
DIALAN.BAK;4992;5b173d3c;SCP 3.0 (1715W);1;
DIALAN.TXT;4992;5b173d3c;SCP 3.0 (1715W);1;
DIAREISV.BAK;10368;9e53ce48;SCP 3.0 (1715W);1;
DIAREISV.TXT;14464;678cd641;SCP 3.0 (1715W);1;
DIENST.COM;15104;0c0090ef;SCP 1715 V0004-0006;1;DIR COPY REN ERA TYPE TYPEX TYPEH TYPEA RUN EXIT SIZE CHECK STAT USER 
DIENST.COM;14848;30206fb0;SCPX 1.x A5120, SCPX 8915;2;DIR COPY REN ERA TYPE TYPEX TYPEH TYPEA RUN EXIT SIZE CHECK STAT USER 
DIMA.COM;4864;058c0161;CP/Z 2.2, SCP 1715 V0004-0006;3;Disketten-Monitor fuer CP/M-System auf KC85      (Copyright ML-Soft 02
DIMA.COM;7040;bf574da5;SCPX 1.x PRG;7;DIMA  V 1.2  01.07.86
DIP.COM;3328;c9b03cbd;CP/Z 2.2;1;copyright (c) 1982, 1983, 1984, ice corp 1M
DIR.COM;14592;81707cad;SCP 3.0 (1715W);13;SCP 3.0         Copyright  (c)  1986, R-BWS     010186
DISCOPY.COM;5120;18a07934;SCP 3.0 (1715W);1;Format: copydsk <old_file> [<new_file>]
DISGEN.COM;8832;38e5a19e;SCPX 8915;4;(c) robotron (REZ), 1988, V.1/9
DISK.BAK;256;6486b728;SCP 3.0 (1715W);1;
DISK.CMD;512;1fb5997f;SCP 1715 V0005;1;copy to b:disk stru
DISK.DBF;1024;489b1865;SCP 1715 V0005;1;
DISK.TEX;256;6486b728;SCP 3.0 (1715W);1;
DISKCOPY.COM;1536;a0ae7c39;CP/Z 2.2, SCP 1715 V0004-0006;3;/nDiskCopy from drive:
DISKPAR.COM;13312;c53437ee;SCP 1715 V0004-0006;6;110485 DISKPARA H.Kleemann     $
DISKSET.CMD;4480;515a2a9b;SCP1700 (A7100);1;DISK ERROR: Retry(R) or Ignore(I) or Cancel(C)?
DIT.001;768;9e5328ac;SCPX 1.x PRG;6;
DIT.COM;1152;da64ca28;SCPX 1.x PRG;6;Page Disk output errorDisk fullDirectory fullNo string givenSearch fai
DIT.DAT;640;e58b86d7;SCPX 1.x PRG;6;
DOCTOR.COM;6528;b18e6162;CP/Z 2.2;1;Directory is in group 0 to 1
DOKERG.TXT;512;24cd3186;SCP1700 (A7100);1;
DRAKONY.COM;29440;c3725b73;SCP 1715 V0004-0006;1;"ERROR $ AT PC $"""
DRUCK.COM;17536;417dbf4f;SCP 3.0 (1715W);5;TEXTPROGRAMM (DEUTSCH) V1/3B (12/87) f. RBWS-SCPX u. -SCP3
DTWWG.TXT;640;49f6396c;SCP 1715 V0005;1;
DU.COM;7552;2c6f2f1b;CP/Z 2.2;1;DISK UTILITY v8.6
DU.COM;10240;6a1dca9c;SCPX 1.x PRG;9;8DU 1520(SCPX) V1.0
DUMP.COM;512;1fa02eab;SCPX 8915;1;robotron (REZ) SCP V.1/0  -- DUMP --$
DUMP.COM;1024;8a2c9cec;SCP 3.0 (1715W);12;DUMP Version 1/0   DUMP.COM
DUMP.COM;512;cf85271c;SCP 1715 V0004-0006;2;ROBOTRON-BWS   SCP V.1/0 --- DUMP ---$
ED.CMD;9216;a50ede43;SCP1700 (A7100);1;28/02/86   V 1.1                          Invalid Filename$DIRECTORY F
EDBBD.CHN;18176;2297e39a;SCP 1715 V0004-0006;2;
EDIT.COM;12288;64708b17;SCP 1715 V0004-0006, SCPX 1.x PRG;10;Disk output erro
EDITST;128;4ca5c24e;SCP1700 (A7100);1;
EDRADJLI.TXT;152704;544a867b;SCP 1715 V0005;1;
EH87.L86;20992;5b04b305;SCP1700 (A7100);1;
EINNAHME.BAK;6656;5a9411a1;SCP 3.0 (1715W);1;
EINNAHME.TXT;6656;d4a60b98;SCP 3.0 (1715W);1;
ELBLATT1.TXT;10624;f7e6ccc9;SCP 1715 V0005;1;
ELBLATT2.TXT;10112;343470c4;SCP 1715 V0005;1;
ELFUSZZ.TXT;1536;d5d9eb96;SCP 1715 V0005;1;
ELKOPFZ.TXT;2048;c288bd7f;SCP 1715 V0005;1;
ELKOPFZ1.TXT;2560;679892ea;SCP 1715 V0005;1;
ENTER.DAT;128;8929c647;SCP 1715 V0004-0006;2;
ENTERX.$$$;128;f09f35a5;SCP 1715 V0004-0006;2;
ERASE.COM;3712;e13f2a81;SCP 3.0 (1715W);12;SCP 3.0         Copyright  (c)  1986, R-BWS     010186
ETTER2.TXT;896;11d4f117;SCP 1715 V0004-0006;1;
EWM87.L86;1792;11a522eb;SCP1700 (A7100);1;
EWM87.OBJ;21120;77b2b645;SCP1700 (A7100);1;
FA.COM;30464;97aa4c6e;SCP 1715 V0004-0006;1;SPACE INVADERS
FC08.COM;14848;1f98095b;CP/Z 2.2;1;CP/M File-Commander V 0.8  $(c) H.Poppe 2011-2014$1
FDIR.COM;2816;dd91843e;CP/Z 2.2;1;MP/M oder CP/M Version 2.x erforderlich$
FKEY.COM;2432;5456ce3c;SCP 3.0 (1715W);1;COPYRIGHT (C) 1985, 1989 - A.K., USSR*
FOBL2TAE.TXT;4992;a2181435;SCP 1715 V0005;1;
FOR00000.DAT;128;99767e43;SCP 1715 V0004-0006;2;
FORLIB.LIB;0;d41d8cd9;SCPX 1.x PRG;6;
FORLIB.LIB;128;f09f35a5;SCPX 1.x PRG;1;
FORMAT.COM;3200;c03f56e8;SCPX 1.x PRG;9;FORMAT SCPX.PRG V1.5 PL*>
FORMAT.COM;13440;d582e5bd;SCPX 8915;4;REZ 14.10.1988 FORMAT V 1.7  K5122*
FORMATN.COM;2048;f1cedff2;SCPX 1.x A5120;1;Weitere Floppys formatieren ?(Y/N) :$
FORMATN.MAC;14208;83386c8e;SCPX 1.x A5120;1;
FORMATP.COM;12032;cfaf2f63;SCP 1715 V0004-0006;1;Tut mir leid! System CP/A fuer PC 1715 erforderlich!
FORMATPC.MAC;14080;c5ab1466;SCPX 1.x A5120;1;
G46.TXT;104320;26843295;SCP 1715 V0004-0006;1;
G46PR.TXT;128;0f0e0805;SCP 1715 V0004-0006;1;
GENCMD.CMD;5504;80df0374;SCP1700 (A7100);1;[], ERROR: $, LOAD ADDRESS $DISK WRITE$DISK READ$INSUFFICIENT MEMORY T
GENCOM.COM;14848;e92c4e40;SCP 3.0 (1715W);12;SCP 3.0         Copyright  (c)  1986, R-BWS     010186
GENDEF.CMD;5888;64732326;SCP1700 (A7100);1;Base of electronical disk
GERMAN.CMD;2304;fda6c099;SCP1700 (A7100);1;German character set loaded
GET.COM;6528;ba2b4923;SCP 3.0 (1715W);12;SCP 3.0         Copyright  (c)  1986, R-BWS     010186
GIDE.COM;1920;5a27da01;CP/Z 2.2;1;Nachladbarer GIDE-Treiber V0.5
GIDETEST.COM;14592;a7f9fdfc;CP/Z 2.2;1;Copyright (C) 1985 BORLAND Inc
GO.COM;0;d41d8cd9;SCP 1715 V0005;1;
GOLD.COM;32640;f060629e;SCP 1715 V0004-0006;1;Copyright (C) 1985 BORLAND Inc
GOLD.DAT;256;82d21b61;SCP 1715 V0004-0006;1;
HANOI.COM;12288;e96acba4;SCPX 1.x A5120;3;Copyright (C) 1984 BORLAND Inc
HANOJ.BAS;5632;f9548fd4;SCP 1715 V0004-0006;1;
HARDY.COM;16128;6577d3bd;SCPX 1.x A5120;2;(C) 1987  by  R. Hartung  (HUB/IV)
HASE.COM;4992;140c24fa;SCP 1715 V0004-0006;2;XEINGESCHLAFEN !
HAWLBGR.DBF;1536;227481d9;SCP 1715 V0005;1;
HDSYSTEM.CMD;4992;8d0fc1da;SCP1700 (A7100);1;No SCP1700 found on harddisk!
HELP.CMD;6656;3437bdb8;SCP1700 (A7100);1;Press ENTER to continue.$
HELP.COM;7168;07a5abd2;SCP 3.0 (1715W);13;SCP 3.0         Copyright  (c)  1986, R-BWS     010186
HELP.HLP;21888;15ad4dfa;SCP1700 (A7100);1;
HELP.HLP;80512;c1bc7a01;SCP 3.0 (1715W);13;
HIST.UTL;2048;1d4f83a0;SCPX 1.x PRG;7;
HORSE.BAS;4480;5a348e94;SCP 1715 V0004-0006;2;
HPQUELLE.BAS;4864;9c7768e6;SCP 1715 V0005;1;
HYFDRU.BAS;14208;bc3b8683;SCP 1715 V0005;1;
IBMCODE.CMD;2816;d297dd86;SCP1700 (A7100);1;IBM Character Set Loaded
IDENT.TXT;128384;60ac4352;SCP 1715 V0005;1;
IDNR.CMD;640;51a3e293;SCP 1715 V0005;1;* Algorythmus fuer MENUE Identnummer
IMBISS.BAK;2176;2e9bf3ab;SCP 1715 V0004-0006;2;
IMBISS.TXT;2176;18033443;SCP 1715 V0004-0006;2;
INDEX.COM;3456;12f727d6;SCP 1715 V0004-0006;1;Messung Indexzeit
INHALT_E.DOC;16512;8d4e0b72;SCP 1715 V0005;1;
INHALT_T.DOC;100736;147454a8;SCP 1715 V0005;1;
INIT.$$$;384;64a8e61c;SCP 3.0 (1715W);1;
INIT.CMD;2688;f13e305e;SCP1700 (A7100);1;DISK ERROR: Retry(R) or Ignore(I) or Cancel(C)?
INIT.COM;12416;1520e57d;SCP 1715 V0004-0006, SCPX 8915;3;10.10.86INIPTAB
INIT.COM;12416;1ef6692f;SCP 1715 V0004-0006;6;10.10.86INIPTAB
INIT.COM;6656;2ff0b46d;SCP 3.0 (1715W);13;220587 FORMATW  H.Kleemann     $
INIT.COM;6656;4e864429;SCP 3.0 (1715W);1;(C) 1988 - a.k.,sssr           $
INIT.COM;12416;6d85d8aa;SCP 1715 V0004-0006;2;10.10.86INIPTAB
INIT.COM;12544;7341f2d1;SCP 1715 V0007;4;ROBOTRON 1715$
INIT.COM;5248;9920823c;SCPX 1.x A5120;10;SORRY, SCPX 1.5 (OR UPWARD) IS REQUIRED !
INIT.COM;5248;ff2a87d0;SCPX 1.x A5120;3;SORRY, SCPX 1.5 (OR UPWARD) IS REQUIRED !
INITDIR.COM;32000;7c3d2da1;SCP 3.0 (1715W);13;SCP 3.0         Copyright  (c)  1986, R-BWS     010186
INSTALL.COM;31360;ec7190f0;SCPX 1.x PRG;7;ROBOTRON TP 1520 (SCPX) V  1.3
INSTSCP.COM;20096;fdfd7b2d;SCP 1715 V0004-0006, SCP 1715 V0007;13;"128*26*77 CPM 8"" SD-SS$1024*4*77 ROB 8"" SD-SS$1024*8*77 ROB 8"" DD-SS$2"
INTERES.ARJ;4736;3ab4185b;SCP 1715 V0004-0006;1;
INV.TXT;2688;a4128ffc;SCP 3.0 (1715W);1;
JAPLABBD.CHN;11776;09c58a36;SCP 1715 V0004-0006;2;
JT.COM;17536;9ef7fb53;SCP 3.0 (1715W);1;Installiert am 21.03.1990 von Joerg Tippelt Rbd Sw Abt. WT
KABTR.BAS;4736;ec9ff529;SCP 1715 V0005;1;
KALLAH.BAS;6912;6d9e8126;SCP 1715 V0004-0006;1;
KARTINY.ARJ;4096;321c6d88;SCP 1715 V0004-0006;1;
KCLOAD.COM;1280;74f66752;SCP 1715 V0004-0006;1;Output on Disk (Y/N)? $Write-Error on Disk
KCSAVE.COM;1536;42d51170;SCP 1715 V0004-0006;1;Name on Tape: $Read-Error on Disk
KENN.DBF;1024;181b10fe;SCP 1715 V0005;1;
KENNUNG.NDX;1024;ef844b9c;SCP 1715 V0005;1;
KETSBGR.DBF;1024;50d1ac8b;SCP 1715 V0005;1;
KETTAB1.BWH;66688;2d35c5f3;SCP 1715 V0005;1;
KETTAB1.EPA;8320;7bd7653c;SCP 1715 V0005;1;
KETTAB1.FB;16384;7c184d2a;SCP 1715 V0005;1;
KETTAB1.TXT;13824;af94bfdc;SCP 1715 V0005;1;
KETTAB8.BWH;54528;59f213d6;SCP 1715 V0005;1;
KEYINST.PMA;10624;7308216c;SCP 1715 V0004-0006;1;
KEYS.COM;27648;1e1162fc;SCP 1715 V0004-0006;6;CAN'T OPEN FILE %14s
KIFELA.TXT;640;530327c6;SCP 3.0 (1715W);1;
KIPP.COM;10880;4661002b;SCP 1715 V0004-0006;1;Copyright (C) 1985 BORLAND Inc
KIPP.ZS1;4096;2ddf6469;SCP 1715 V0004-0006;1;
KLING.BAS;11520;3f2e5ed1;SCP 1715 V0004-0006;1;
KLINGEL.DAT;2048;4b3af827;SCPX 1.x PRG;6;
KNICK.BAS;16256;ecae76ec;SCP 1715 V0005;1;
KOI70.ZGF;1536;0f58dacf;SCP 3.0 (1715W);1;
KOI71.ZGF;1536;b6f602c5;SCP 3.0 (1715W);1;
KOI72.ZGF;1536;efc0d4af;SCP 3.0 (1715W);1;
KOKO.COM;5376;9c7c8fd1;SCP 1715 V0004-0006;2;\NTASTE A --> AUFHOEREN
KONVERT.COM;11648;7bf73ba8;SCP 1715 V0004-0006;2;VEB ROBOTRON BWS
KOPF;384;db678e6a;SCP 3.0 (1715W);1;
KOPFTD8.TXT;33408;44b015fb;SCP 1715 V0005;1;
KOSTEN91.BAK;7424;d8721e3b;SCP 3.0 (1715W);1;
KOSTEN91.TXT;8064;580ab437;SCP 3.0 (1715W);1;
KP.COM;24832;c2c6812b;SCPX 8915;1;KaKalkulationsprogr.  1.0 DPH
KP.HLP;8320;e66c02c6;SCPX 8915;1;
KP.OVL;14464;f671f9e8;SCPX 8915;1;
KPK.COM;26624;8e83ee2e;SCPX 8915;1;KaKalkulationsprogr.  1.0 DPH
KSIVA.ARJ;4352;c556fca5;SCP 1715 V0004-0006;1;
KSPEICH.MEM;512;34f72804;SCP 1715 V0005;1;
KYRILL.CMD;2304;144aca95;SCP1700 (A7100);1;Kyrillic Character Set Loaded
L.COM;40320;155533a2;SCP 1715 V0004-0006;2;"""                                                         H         Ea"
LADDER.COM;40320;532c010b;SCPX 1.x A5120;3;"""                                                         H         Ea"
LADDER.COM;40704;606d03ad;SCP 1715 V0004-0006;1;"""                                                         H         Ea"
LADDER.DAT;512;18731197;SCP 1715 V0004-0006;1;
LADDER.DAT;512;ebdf591d;SCPX 1.x A5120;3;
LADDERN.COM;40960;f1cc37da;SCPX 1.x A5120;3;"""      IDLE    H                                  |"""
LADNEW.DAT;512;4225fb9d;SCPX 1.x A5120;3;
LADNEW.DAT;512;9c7e0764;SCP 1715 V0004-0006;2;
LBPUNCH.COM;1408;9540b4e1;SCPX 1.x A5120, SCPX 1.x PRG, SCPX 8915;4;LBPUNCH - Lochband stanzen (K6022/SIF1000)
LBREAD.COM;1792;eba62491;SCPX 1.x A5120, SCPX 1.x PRG, SCPX 8915;4;LBREAD - Lochband lesen (K6022/SIF1000)
LBTRDAT1;384;160d78bc;SCP 1715 V0005;1;
LC802.BIN;4096;e41e2284;SCPX 1.x PRG;2;
LC80PRG.DAT;2048;66a4ec16;SCPX 1.x PRG;6;
LDBDOS.H86;8320;be185a24;SCP1700 (A7100);1;
LDCCP.H86;1152;0d78036b;SCP1700 (A7100);1;
LDCOPY.CMD;1536;96ff523c;SCP1700 (A7100);1;copyright (c), 1985,1987, r e d
LDSCP.CMD;8704;33d84ebd;SCP1700 (A7100);1;The File SCP.SYS Not Found On This Disk$
LEFZBGR.DBF;1536;3465ec92;SCP 1715 V0005;1;
LEIPZIG.BAK;1024;7333e6e5;SCP 3.0 (1715W);1;
LEIPZIG.TXT;1024;ff1f8570;SCP 3.0 (1715W);1;
LELLBGR.DBF;1536;c2823351;SCP 1715 V0005;1;
LETTER.BAK;1024;93554e78;SCP 1715 V0004-0006;1;
LETTER.TXT;1152;cc3bfa98;SCP 1715 V0004-0006;1;
LETTER2.TXT;768;5508429d;SCP 1715 V0004-0006;1;
LETTER3.BAK;896;493ad259;SCP 1715 V0004-0006;1;
LETTER3.TXT;1024;95c88cb4;SCP 1715 V0004-0006;1;
LETTER4.BAK;1664;cf0b0541;SCP 1715 V0004-0006;1;
LETTER4.TXT;1664;27159c14;SCP 1715 V0004-0006;1;
LETTER5.BAK;4352;68676951;SCP 1715 V0004-0006;1;
LETTER5.TXT;4352;2a42ca68;SCP 1715 V0004-0006;1;
LIB.COM;4736;e0522a07;SCPX 1.x PRG;7;Unsatisfied external request(s)
LIB86.CMD;13440;77674ef5;SCP1700 (A7100);1;Cross-reference Listing of File:  $
LINK.COM;15744;25c75341;SCP 3.0 (1715W);12;Copyright  (c)  1986, R-BWS
LINK.COM;12288;2ac64278;SCPX 1.x PRG;7;?No Start Address
LINK.COM;10752;9ffae8c6;SCP?ROBOTRON LOADER | ^#V++++++F+N | READ ERROR$NO FILE$ | ALL (;1;?No Start Address
LINK86.CMD;37632;91bf95f5;SCP1700 (A7100);1;
LINKMT.COM;11520;dbe596aa;SCPX 1.x A5120;1;OUTPUT WRITE ERROR (DISK FULL?)
LOADCHAR.A86;1408;f51d79b0;SCP1700 (A7100);1;
LOADCS.RSX;640;5cde0f88;SCP 3.0 (1715W);11;
LX86.COM;19712;4a15d299;SCP 1715 V0004-0006, SCP 3.0 (1715W);2;Copyright (C) 1985 BORLAND Inc
M80N.COM;16640;5a99e746;SCPX 1.x A5120;1;%No END statement
MAERBREN.BAK;6272;d08600e4;SCP 3.0 (1715W);1;
MAERBREN.TXT;4224;5c3402ba;SCP 3.0 (1715W);1;
MAERKBR.BAK;1920;883b9a76;SCP 3.0 (1715W);1;
MAERKBR.TXT;1920;7d6489e9;SCP 3.0 (1715W);1;
MAILMRGE.OVR;7680;da621f13;SCP 1715 V0005;1;TEXTPRO  release 3.00 overlay file number 2.
MASKE.TXT;16384;da3661fa;SCP 1715 V0005;1;
MATRIC.GRF;4992;bbf25da8;SCP 1715 V0004-0006;1;
MAUS.DAT;128;c0271756;SCP 1715 V0004-0006;2;
MBASIC.$$$;16512;62575c91;SCP 1715 V0004-0006;2;
MBASIC.COM;24320;02bc6c93;SCP 1715 V0004-0006, SCP 1715 V0005;3;NEXT without FOR
MBASICF1.COM;11648;39953773;SCP 1715 V0005;1;VEB ROBOTRON BWS
MENUE.DOC;9856;e0c302d5;SCP 1715 V0005;1;
MFVERS.ARJ;24320;e118fd66;SCP 1715 V0004-0006;1;
MODCS.COM;5760;22194049;SCP 3.0 (1715W);13;Copyright (c) R-BWS  22/05/87 Ni
MODCS.COM;5760;57e42785;SCP 3.0 (1715W);1;COPYRIGHT (C)1988 - A.K.,sssr Ni
MODF.COM;2432;4747a218;SCPX 1.x PRG;7;SORRY, SCPX 1.5 (OR UPWARD) IS REQUIRED !
MODF.COM;2432;a326739f;SCPX 1.x A5120;9;SORRY, SCPX 1.5 (OR UPWARD) IS REQUIRED !
MODFD.COM;7296;e65fff7f;SCP 3.0 (1715W);12;Copyright (c) R-BWS  22/05/87 Ni.
MODIO.COM;14080;4e748184;SCP 3.0 (1715W);12;0Copyright (c) R-BWS,86 22/05/87
MODX.COM;1792;4d36f3a9;SCPX 1.x A5120;9;SORRY, SCPX 1.5 OR UPWARD IS REQUIRED !
MONOPOLY.BAS;11648;582e8d49;SCP 1715 V0004-0006;2;
MONSTER.BAS;4352;c2279711;SCP 1715 V0004-0006;2;
MOUSE.COM;16128;be257182;SCP 1715 V0004-0006;2;Copyright (C) 1984 BORLAND Inc
MPPWBGR.DBF;1024;265250e7;SCP 1715 V0005;1;
MUZYKA.ARJ;2304;230f12d2;SCP 1715 V0004-0006;1;
NEWDISK.SUB;128;b966ec27;SCP 3.0 (1715W);1;
NO.ARJ;640;806c1d14;SCP 1715 V0004-0006;1;
NSWEEP.COM;11648;0ab9c7e9;CP/Z 2.2, SCP 3.0 (1715W);2;NSWP is copyright (c) 1983 by Dave Rand 10232-160 Street Edmonton, Alb
NSWP.COM;11776;ae229bce;SCP 3.0 (1715W);1;NSWP is copyright (c) 1983 by Dave Rand 10232-160 Street Edmonton, Alb
OB.ARJ;5504;55392a63;SCP 1715 V0004-0006;1;
OB.BAS;1280;81513ac9;SCP 1715 V0004-0006;1;
OBL.BAK;2176;4471379d;SCP 3.0 (1715W);1;
OBL.TXT;2176;4471379d;SCP 3.0 (1715W);1;
OTHELLO.COM;6912;c96e15a6;SCPX 1.x A5120;3;R von insgesammt
OUT.BAK;512;3ea86452;SCP?ROBOTRON LOADER | ^#V++++++F+N | READ ERROR$NO FILE$ | ALL (;1;
OUT.COM;128;d7ce471f;SCP?ROBOTRON LOADER | ^#V++++++F+N | READ ERROR$NO FILE$ | ALL (;1;
OUT.MAC;512;74934639;SCP?ROBOTRON LOADER | ^#V++++++F+N | READ ERROR$NO FILE$ | ALL (;1;
OUT.REL;128;a135d923;SCP?ROBOTRON LOADER | ^#V++++++F+N | READ ERROR$NO FILE$ | ALL (;1;
PASCAL.COM;30848;7660d1d0;SCP 1715 V0004-0006;1;TURBO/+ R-BWS 1987
PASCAL.RES;1152;26d4dcf4;SCP 1715 V0004-0006;1;
PASCAL.TXT;1536;8180b5b0;SCP 1715 V0004-0006;1;
PASINST.COM;12288;520711cb;SCP 1715 V0004-0006;1;TURBO/+ R-BWS 1987
PASSAVE.COM;9600;97f20433;SCP 1715 V0004-0006;1;TURBO/+ R-BWS 1987
PCTEST.COM;8960;61fb4e64;SCP 1715 V0004-0006;1;Der Test des PC 1715 wurde durch folgende Fehler-
PCTEST.COM;10496;7a7a75d7;SCP 1715 V0004-0006;1;Diskette im LW A belegt! Diskette wechseln!
PECHAT.ARJ;16256;ff352adb;SCP 1715 V0004-0006;1;
PGUETE.TXT;1280;5aa6248d;SCP 1715 V0005;1;
PIEP.BAS;3072;4f734152;SCP 1715 V0004-0006;2;
PILOTS.000;24576;132969b6;SCPX 1.x A5120;3;
PILOTS.000;24576;65c90651;SCP 1715 V0004-0006;2;
PILOTS.COM;40320;7b663825;SCP 1715 V0004-0006, SCPX 1.x A5120;5;Copyright (C) 1984 BORLAND Inc
PILOTS.DAT;256;a7d4aa88;SCPX 1.x A5120;3;
PILOTS.DAT;256;c4293668;SCP 1715 V0004-0006;2;
PING.BAS;4864;79c98c80;SCP 1715 V0004-0006;1;
PING.DAT;128;9b812a31;SCP 1715 V0004-0006;1;
PIP.CMD;7552;3062c484;SCP1700 (A7100);1;PIP V 1.0  DISK READ$          DISK WRITE$VERIFY$INVALID DESTINATION$I
PIP.COM;7424;6d984c74;SCPX 8915;1;(INP:/OUT:SPACE)(INP:/OUT:SPACE)(INP:/OUT:SPACE)(INP:/OUT:SPACE)(INP:/
PIP.COM;7936;93dd1eb6;CP/Z 2.2;1;TRANSMIT-ERROR
PIP.COM;8704;96c32683;SCP 1715 V0004-0006, SCP 3.0 (1715W);15;SCP 3.0         Copyright  (c)  1986, R-BWS     010186
PIP.COM;10240;ce884e20;SCP 3.0 (1715W);1;tos/m wersiq 1.0COPYRIGHT 1984, 1988 - a.k.,sssr211284
PIP.COM;7680;d0cc6aa1;SCPX 1.x A5120, SCPX 1.x PRG;19;(INP:/OUT:SPACE)(INP:/OUT:SPACE)(INP:/OUT:SPACE)(INP:/OUT:SPACE)(INP:/
PIP.COM;7424;e76ceb7b;SCP 1715 V0004-0006;2;(INP:/OUT:SPACE)(INP:/OUT:SPACE)(INP:/OUT:SPACE)(INP:/OUT:SPACE)(INP:/
PLAY.BAS;1280;f5e81f60;SCP 1715 V0004-0006;1;
PLAY1.BAS;2304;954d0927;SCP 1715 V0004-0006;1;
PLUS.COM;33920;83854bf6;SCP 1715 V0004-0006;1;TURBO/+ R-BWS 1987
PLUS.COM;34176;f91da569;SCP 3.0 (1715W);1;PASCAL/+R-BWS 1987
POGE.BAS;2176;61337ca6;SCP 1715 V0005;1;
POKE.ARJ;640;058c7db5;SCP 1715 V0004-0006;1;
POM02.001;128;c20cd97b;SCPX 1.x PRG;6;
POWER.CMD;16000;c3c5a20b;SCP1700 (A7100);1;DIR COPY REN ERA TYPE TYPEX TYPEH TYPEA RUN EXIT SIZE CHECK STAT USER 
POWER.COM;14848;4d08ffb8;SCP 1715 V0004-0006;1;DIR COPY REN ERA TYPE TYPEX TYPEH TYPEA RUN EXIT SIZE CHECK STAT USER 
POWER.COM;16384;59f534cb;SCPX 1.x A5120;9;DIR COPY REN ERA TYPE TYPEX TYPEH TYPEA RUN EXIT SIZE CHECK STAT AUTO 
POWER.COM;14848;5ae66d20;SCPX 1.x PRG;7;DIR COPY REN ERA TYPE TYPEX TYPEH TYPEA RUN EXIT SIZE CHECK STAT USER 
POWER.COM;14976;619171fa;SCP 1715 V0004-0006, SCPX 1.x A5120;4;DIR COPY REN ERA TYPE TYPEX TYPEH TYPEA RUN EXIT SIZE CHECK STAT USER 
POWER.COM;14848;65ad5c9c;SCP 1715 V0005;2;DIR COPY REN ERA TYPE TYPEX TYPEH TYPEA RUN EXIT SIZE CHECK STAT USER 
POWER.COM;16384;72b900f7;CP/Z 2.2;1;DIR COPY REN ERA TYPE TYPEX TYPEH TYPEA RUN EXIT SIZE CHECK STAT AUTO 
POWER.COM;14848;9b6c134a;SCPX 8915;4;DIR COPY REN ERA TYPE TYPEX TYPEH TYPEA RUN EXIT SIZE CHECK STAT USER 
POWER.COM;14848;f2d534bd;SCP 1715 V0004-0006;2;DIR COPY REN ERA TYPE TYPEX TYPEH TYPEA RUN EXIT SIZE CHECK STAT USER 
POWER2.COM;15616;16e91b04;SCP 3.0 (1715W);1;DIR C    REN ERA TYPE T     TYPEH TYPEA R   X SIZE CHECK STAT AUTO TES
PRESENTS.ARJ;2944;0aa343fc;SCP 1715 V0004-0006;1;
PRINT.COM;17664;6f9a67ad;SCP 1715 V0004-0006;1;Copyright (C) 1985 BORLAND Inc
PROBE.BAS;256;8ae5acc2;SCP 1715 V0005;1;
PROFILE.BAK;128;481a5e7e;SCP 3.0 (1715W);1;
PROFILE.ORG;128;3e1083d6;SCP 3.0 (1715W);1;
PROFILE.SUB;128;3e1083d6;SCP 3.0 (1715W);7;
PROFILE.SUB;128;481a5e7e;SCP 3.0 (1715W);1;
PROFILE.SUB;128;5e5ce3d7;SCP 3.0 (1715W);1;
PROFILE.SUB;128;c4320252;SCP 3.0 (1715W);1;
PROG.COM;8576;b69d4afc;SCPX 1.x PRG;7;*** PROM - PROGRAMMER V1.1 ***
PROGR1.BAS;16896;14d9bf50;SCP 1715 V0004-0006;1;
PSGRAPH.ARJ;11264;0e3b937a;SCP 1715 V0004-0006;1;
PUT.COM;7040;d1930a53;SCP 3.0 (1715W);12;SCP 3.0         Copyright  (c)  1987, R-BWS     010187
R.COM;19584;1d516366;SCP 3.0 (1715W);3;CDEFILPOSTV#@$!*
RADE.COM;1536;b867ee6c;SCPX 8915;4;(c) robotron (REZ), 1989, v. 1.5
RAF512.COM;2432;c4155bcc;SCPX 1.x PRG, SCPX 8915;4;Nachladbare RAF-Installation, (DKt) v.26.07.08 ohne Parity
RAFCPM.COM;2432;9f00e73f;SCPX 1.x PRG, SCPX 8915;4;Nachladbare RAF-Installation, Version 11.10.87 ohne Parity
RAKETE.BAS;2560;a63f317e;SCP 1715 V0004-0006;2;
RAMT.COM;2176;45ff8c2d;SCP 1715 V0004-0006;1;"^B""prowerka   pamqti"""
RASM86.CMD;44032;ece3e94f;SCP1700 (A7100);1;
RATSTW1.TXT;5760;a5d10bef;SCP 3.0 (1715W);1;
RATSTW2.TXT;9088;a254065c;SCP 3.0 (1715W);1;
RDBASINS.COM;13568;eb05386a;SCP 3.0 (1715W), SCPX 8915;2;** REDABAS-INSTALLIERUNG, Ver.1.0 ** $
RDBASMSG.BAK;48384;d497d9f8;SCP 3.0 (1715W);1;
RDBASMSG.TXT;48384;0b75bc6f;SCP 3.0 (1715W);1;
RDBASMSG.TXT;48384;d497d9f8;SCPX 8915;1;
RDBASOVR.COM;41472;2729ce95;SCP 3.0 (1715W), SCPX 8915;5;Stand:26.09.86
REBUS.COM;19456;941beb89;SCP 1715 V0004-0006;1;CDEFILPRSTV#@$!*
REBUSMSG.TXT;38016;5825949c;SCP 1715 V0004-0006;1;
REBUSOVR.COM;40192;66ff1c5e;SCP 1715 V0004-0006;1;dBASE II COPYRIGHT (C) 1982 BY RATLIFF SOFTWARE PRODUCTION, INCORPORAT
REDABAS.COM;19584;16d0d8e5;SCPX 8915;1;CDEFILPOSTV#@$!*
REDABAS.COM;19584;1d516366;SCP 3.0 (1715W);1;CDEFILPOSTV#@$!*
REF.COM;17408;83c20b29;SCP 3.0 (1715W);1;"redaktor / formatter tekstow  ""refor"""
REFOR.COM;17408;dd487337;SCP 1715 V0004-0006;1;"redaktor / formatter tekstow  ""refor"""
REFOR001.OVR;34048;acf79510;SCP 1715 V0004-0006;1;REFOR noqbrx 1986   somi * b.a.
REFOR002.OVR;23552;c4c779b0;SCP 1715 V0004-0006;1;REFOR noqbrx 1986   somi * b.a.
REFOR003.OVR;7680;ff5ef3df;SCP 1715 V0004-0006;1;REFOR noqbrx 1986   somi * b.a.
REISEKO.TXT;5248;30d94a73;SCP 3.0 (1715W);1;
RENAME.COM;2944;9f0517ec;SCP 3.0 (1715W);10;SCP 3.0         Copyright  (c)  1986, R-BWS     010186
RENAME.COM;640;bb31ce9b;SCP 3.0 (1715W);2;SCP 3.0         Copyright  (c)  1986, R-BWS     010186
RIS10.TXT;9600;71da05e5;SCP 1715 V0004-0006;1;
RIS100.TXT;57088;4fb9fbca;SCP 1715 V0004-0006;1;
RIS2.TXT;10368;cadfdec3;SCP 1715 V0004-0006;1;
RIS3.TXT;11264;bc96313b;SCP 1715 V0004-0006;1;
RIS4.TXT;6144;2faa0dee;SCP 1715 V0004-0006;1;
RIS5.TXT;6400;d02bbf6f;SCP 1715 V0004-0006;1;
RIS6.TXT;2560;02fb0a88;SCP 1715 V0004-0006;1;
RIS7.TXT;7168;2f292ded;SCP 1715 V0004-0006;1;
RIS8.TXT;12416;45c78fe8;SCP 1715 V0004-0006;1;
RIS9.TXT;7168;1884f086;SCP 1715 V0004-0006;1;
RITE.DAT;640;e58b86d7;SCPX 1.x PRG;6;
ROHRTEMP.BAS;4736;bab66be7;SCP 1715 V0005;1;
ROM0.DAT;4096;0e0ccdbf;SCPX 1.x PRG;6;
ROM01.001;2048;f2a747ea;SCPX 1.x PRG;6;
ROM02.001;4096;bf24c15f;SCPX 1.x PRG;6;
ROULETTE.BAS;5632;46973b28;SCP 1715 V0004-0006;2;
RROUL.BAS;640;dc32f3c3;SCP 1715 V0004-0006;2;
SASWBGR.DBF;1536;4f242915;SCP 1715 V0005;1;
SAVE.COM;1792;f1e965b6;SCP 3.0 (1715W);12;SCP3 SAVE R-BWS V1/0     $
SC602.ZGF;2048;a4d29b25;SCP 3.0 (1715W);9;
SC605.ZGF;2048;c5d9fae8;SCP 3.0 (1715W);9;
SC619.ZGF;2048;fa0255a1;SCP 3.0 (1715W);10;
SC622.ZGF;2048;7b86ab35;SCP 3.0 (1715W);9;
SC624.ZGF;2048;40ba125e;SCP 3.0 (1715W);9;
SC626.ZGF;2048;06f0a873;SCP 3.0 (1715W);9;
SC633.ZGF;2048;367e8d3f;SCP 3.0 (1715W);9;
SC635.ZGF;2048;8f00f3f1;SCP 3.0 (1715W);9;
SC641.ZGF;2048;b1dfc89d;SCP 3.0 (1715W);9;
SC643.ZGF;2048;4ccc6185;SCP 3.0 (1715W);9;
SC644.ZGF;2048;361cb40e;SCP 3.0 (1715W);13;
SC646.ZGF;2048;4b5cbad7;SCP 3.0 (1715W);9;
SCAN.COM;8704;01589ef8;SCP 3.0 (1715W);1;COPYRIGHT (C) 1985 BORLAND INC
SCHHBGR.DBF;1536;10ea41bf;SCP 1715 V0005;1;
SCHRIFT.COM;3456;565c313e;SCP 3.0 (1715W);1;GDruckertest mit modifiziertem Schriftbild: <GDezimalcode (oder ET) ei
SCOPY.COM;2816;139356df;SCP 3.0 (1715W);1;M  MailMer
SCP-DOS.COM;13568;42db31ae;SCP 1715 V0004-0006;6;<ET> --- whod  ,<ESC> --- wyhod :$
SCP.SYS;18048;3040954d;SCP1700 (A7100);1;1985, ROBOTRON
SCP1715.COM;11648;b114e6de;SCP 1715 V0004-0006;3;VEB ROBOTRON BWS
SCP3.SYS;22784;53644594;SCP 3.0 (1715W);1;COPYRIGHT (C) 1984, 1988 - a.k.,sssr
SCP3.SYS;22784;b14510ff;SCP 3.0 (1715W);13;Copyright (C) 1986, R-BWS
SCPBILD.COM;11648;51c302ec;SCP 1715 V0004-0006;1;VEB ROBOTRON BWS
SCPWPC.TXT;4352;b95187c7;SCP 3.0 (1715W);8;
SCPX.H86;22400;8bf52036;SCP1700 (A7100);1;
SCPX1715.COM;11648;dc95f0ce;SCP 1715 V0004-0006;1;VEB ROBOTRON BWS
SCRIFT.COM;256;4a118d6e;SCP 3.0 (1715W);1;-ich frank maass liebe britta woischnig
SDIR.COM;15360;734593c6;CP/Z 2.2, SCPX 1.x PRG, SCPX 8915;9;SDIR       robotron 01/84
SDIR.COM;3072;97ba2d22;SCP 3.0 (1715W);1;DIRECTORY, DRIVE -
SDIR.COM;3072;b7788033;SCP 3.0 (1715W);1;File(s), occupying
SEPR.COM;4608;ca6c61bb;SCPX 1.x A5120;9;Sorry, SCPX 1.0 (OR UPWARD) IS REQUIRED !$
SERIAL.CMD;2432;9051f94b;SCP1700 (A7100);1;PARAMETER ERROR !$
SERTEST.COM;6912;c2fa43cb;SCPX 8915;1;Serial Test V0.1  (c) 2026 Olaf Krieger
SERTEST.COM;7936;ffbbde6b;SCPX 8915;1;Serial Test V0.2  (c) 2026 Olaf Krieger
SERV.ARJ;12672;91dd3350;SCP 1715 V0004-0006;1;
SET.COM;10368;2aa0c913;SCP 3.0 (1715W);1;SCP 3.0         Copyright  (c)  1986, R-BWS     010186
SET.COM;10368;c1fc17ad;SCP 3.0 (1715W);12;SCP 3.0         Copyright  (c)  1986, R-BWS     010186
SETDEF.COM;4096;18a80bfa;SCP 3.0 (1715W);14;SCP 3.0         Copyright  (c)  1986, R-BWS     010186
SGEN.COM;4480;491e8427;SCP 1715 V0007;1;SGEN  V 0.5  (R1715)   MAIN MENUE   <<NO SYSTEM LOADED>>
SGEN.COM;4480;a40d6121;SCP 1715 V0004-0006, SCP 1715 V0007, SCP 3.0 (1715W), SCPX 8915;9;SGEN  V 0.5  (R1715)   MAIN MENUE   <<NO SYSTEM LOADED>>
SGEN.COM;4480;d90cde61;SCP 1715 V0004-0006;6;SGEN  V 0.5  (R1715)   glawnoe men`    << net sistemy >>
SH.COM;9728;4a1927e1;CP/Z 2.2;1;Requires SH.OVR
SH.OVR;11008;a96ee88e;CP/Z 2.2;1;MicroShell Overlay File - Version 2.0
SHOW.COM;8448;60e1ae6d;SCP 3.0 (1715W);10;SCP 3.0         Copyright  (c)  1986, R-BWS     010186
SID86.CMD;17152;bc3777a8;SCP1700 (A7100);1;INSUFFICIENT MEMOR
SIEBDU.BAS;2944;636d5c73;SCP 1715 V0005;1;
SIGNGEN.BAS;9472;11efc07c;SCP 1715 V0005;1;
SM.SUB;128;fe5a70ce;SCP 3.0 (1715W);1;
SOFTKEY.COM;4096;8ba1f8ed;SCPX 8915;1;(c) robotron (REZ), 1988, V.1/4
SORTDAT1;256;63c7389e;SCP 1715 V0005;1;
SORTUR.BAS;512;bdbde17f;SCP 1715 V0005;1;
SORTZEI.BAS;1024;b932527c;SCP 1715 V0005;1;
SORTZEI1.BAS;1024;5e2d1453;SCP 1715 V0005;1;
SPACE.COM;28800;ea1d17d6;SCP 3.0 (1715W);9;Copyright (C) 1985 BORLAND Inc
SPACE.DAT;1536;ccabb465;SCP 3.0 (1715W);9;
SPIEL1.BAS;11008;8168f66e;SCP 1715 V0004-0006;2;
STAKAN.BAS;4992;2cc5f56f;SCP 1715 V0004-0006;1;
STAMP.SUB;128;f1a454a1;SCP 3.0 (1715W);1;
STAND.014;128;364916d8;SCP1700 (A7100);1;
STARWARS.BAS;20864;78825034;SCP 1715 V0004-0006;2;
STAT.CMD;9344;47cf2ff4;SCP1700 (A7100);1;Read Only (RO)
STAT.COM;5376;0b26b14f;SCP 1715 V0004-0006;1;ROBOTRON-BWS  SCP V.1/1 --- STAT ---????????????
STAT.COM;5376;10dfa6ef;CP/Z 2.2, SCP 3.0 (1715W), SCPX 8915;3;ROBOTRON-BWS  SCP V.1/0 --- STAT ---????????????
STAT.COM;5376;72f95490;SCPX 8915;1;robotron (REZ) SCP V.1/0 -- STAT --$
STAT.COM;5376;8dc23e86;SCPX 1.x A5120, SCPX 1.x PRG;19;R/O R/W SYS DIR ** Aborted **
STAT.COM;5376;de3218e1;SCP 1715 V0004-0006;2;ROBOTRON-BWS  SCP V.1/0 --- STAT ---????????????
STRDTSCH.LIS;1408;7153641b;SCP 1715 V0005;1;
STRENGL.LIS;1408;bfda8fe1;SCP 1715 V0005;1;
SUBM.COM;1280;8bb1170d;SCPX 8915;1;robotron (REZ) SCP V.1/0  -- SUBM --$
SUBM.COM;1280;ae2fc853;SCPX 1.x PRG;9;submit       robotron  10/83
SUBM.COM;1280;b413276c;SCP 1715 V0004-0006;2;ROBOTRON-BWS SCP V.1/1   --- SUBMIT ---$ERROR ON LINE $SUBNO 'SUB' FIL
SUBMIT.CMD;3968;76421f58;SCP1700 (A7100);1;$Error On Line $SUBNo 'SUB' File Present$Disk Write Error$Command Buff
SUBMIT.COM;5376;74a0215b;SCP 3.0 (1715W);1;tos/m wersiq 1.0COPYRIGHT 1984, 1988 - a.k.,sssr281284
SUBMIT.COM;5376;9e21828e;SCP 3.0 (1715W);10;SCP 3.0         Copyright  (c)  1986, R-BWS     010186
SUPER.BAS;2432;e452c5b0;SCP 1715 V0004-0006;2;
SYL17.SYS;512;0da226d5;SCPX 1.x A5120;9;ROBOTRON LOADER
SYL17.SYS;256;2e5dc36f;SCPX 1.x PRG;9;
SYSG.COM;1792;db54560f;SCPX 1.x A5120, SCPX 1.x PRG;22;SORRY, SCPX 1.4 (OR UPWARD) IS REQUIRED !
SYSP.COM;6912;c6ff069d;SCPX 1.x A5120;9;SYSTEMDISKETTE GENERIEREN  V 1.7 (BIOS V 1.7) 01.11.87
SYSPRG.COM;1920;1baa0fc1;SCPX 1.x PRG;9;DATEI         .    NICHT AUF DISKETTE
TAAVBGR.DBF;1024;d5029481;SCP 1715 V0005;1;
TAAZBGR.DBF;1024;749ee143;SCP 1715 V0005;1;
TABBBGR.DBF;1536;8e1a0e64;SCP 1715 V0005;1;
TABELLE1.EPA;6016;75a41801;SCP 1715 V0005;1;
TADTBGR.DBF;1536;5c02024c;SCP 1715 V0005;1;
TAGABGR.DBF;1024;8851c2fa;SCP 1715 V0005;1;
TAHVBGR.DBF;1536;ac1ffe53;SCP 1715 V0005;1;
TAKVBGR.DBF;1536;4c8f42ca;SCP 1715 V0005;1;
TASTEN.DOK;2944;4af8cfcd;SCPX 1.x A5120;1;
TAVEBGR.DBF;1024;a140366c;SCP 1715 V0005;1;
TCSABGR.DBF;1024;1d12d44e;SCP 1715 V0005;1;
TCVDBGR.DBF;1024;2149904e;SCP 1715 V0005;1;
TD2.TXT;5120;a959caf6;SCP 1715 V0005;1;
TD3.TXT;3584;c3742768;SCP 1715 V0005;1;
TDI.CMD;35968;28c9c703;SCP1700 (A7100);1;C runtime library, Copyright 1982,1983by Digital Research 86 V1.10 11/
TECH-LAN;128;300096bc;SCP 3.0 (1715W);1;
TECH-LAN.BAK;19584;b13c4b7d;SCP 3.0 (1715W);1;
TECH-LAN.TXT;19712;39a01150;SCP 3.0 (1715W);1;
TERMBBD.CHN;13440;ef823688;SCP 1715 V0004-0006;2;
TESTANZE.BAS;256;712eb299;SCP 1715 V0005;1;
TESTLOE.BAS;384;5ee815b2;SCP 1715 V0005;1;
TEXT.TXT;128;bc5db7e1;SCPX 1.x PRG;2;
TFFDBGR.DBF;1536;adad6edb;SCP 1715 V0005;1;
TK-P.CMD;4992;370eeb03;SCP 1715 V0005;1;set ESCAPE off
TK-P.DOC;45824;ce951857;SCP 1715 V0005;1;
TK-PAENA.CMD;4352;51cea75f;SCP 1715 V0005;1;store 0 to zahl
TK-PAENF.CMD;3584;c24e33b3;SCP 1715 V0005;1;store 0 to zahl
TK-PAENS.CMD;2176;633b16d7;SCP 1715 V0005;1;STORE 0 TO AAA
TK-PAENT.CMD;1152;63e14109;SCP 1715 V0005;1;"store "" "" to eing"
TK-PANR.DBF;2560;1a1eecf4;SCP 1715 V0005;1;
TK-PANR.NDX;5120;8eb2c073;SCP 1715 V0005;1;
TK-PANZS.CMD;1024;9d9abe02;SCP 1715 V0005;1;do while YY<maxS+1
TK-PANZT.CMD;4608;ec9e93d7;SCP 1715 V0005;1;store 0 to zahl
TK-PDRUS.CMD;2048;9ba26451;SCP 1715 V0005;1;"store ""N"" to EING"
TK-PDRUT.CMD;3712;36c3f587;SCP 1715 V0005;1;"store ""N"" to EING"
TK-PERFA.CMD;4736;7a85daf2;SCP 1715 V0005;1;store 0 to zahl
TK-PERFF.CMD;4224;4f80b4bd;SCP 1715 V0005;1;store 0 to zahl
TK-PERFT.CMD;1152;ac27d1a0;SCP 1715 V0005;1;"store "" "" to EING"
TK-PFEHL.DBF;1024;431f8c04;SCP 1715 V0005;1;
TK-PFEHL.NDX;2048;4fb2183e;SCP 1715 V0005;1;
TK-PHINS.CMD;1664;2a0d07ba;SCP 1715 V0005;1;@  1, 0 SAY VERS+KOSTEN+KOST
TK-PKOAU.CMD;1280;d92fc436;SCP 1715 V0005;1;@  2, 0 SAY STRO+CHR(131)
TK-PKOEI.CMD;1792;bdc7a583;SCP 1715 V0005;1;"@  1,46 SAY ""Eingabe/Aendern einer Kostenstelle""+chr(131)"
TK-PKOST.DBF;1024;b46921b4;SCP 1715 V0005;1;
TK-PLOES.CMD;1536;ca75c501;SCP 1715 V0005;1;@  1, 0 SAY VERS+KOSTEN+KOST+chr(131)
TK-PLOET.CMD;768;615c77ef;SCP 1715 V0005;1;"Store ""N"" to EING"
TK-PPKD.DOC;4864;b52ee2ed;SCP 1715 V0005;1;
TK-PSICH.CMD;1920;1db65629;SCP 1715 V0005;1;"STORE ""J"" to eing"
TK-PSTA0.DBF;2560;69038054;SCP 1715 V0005;1;
TK-PSTA1.DBF;2560;50f95000;SCP 1715 V0005;1;
TK-PSTA2.DBF;1024;0b39a529;SCP 1715 V0005;1;
TK-PSTA3.DBF;1024;654d3a98;SCP 1715 V0005;1;
TK-PSTA4.DBF;1024;ca299424;SCP 1715 V0005;1;
TK-PSTA5.DBF;1024;0b39a529;SCP 1715 V0005;1;
TK-PSTA6.DBF;1024;654d3a98;SCP 1715 V0005;1;
TK-PSTA7.DBF;1024;ee95c6fd;SCP 1715 V0005;1;
TK-PSTA8.DBF;1024;ee95c6fd;SCP 1715 V0005;1;
TK-PSTA9.DBF;1024;ee95c6fd;SCP 1715 V0005;1;
TK-PSTR.DBF;1024;9d8c5e3f;SCP 1715 V0005;1;
TK-PSTR0.DBF;8192;1bf24f4b;SCP 1715 V0005;1;
TK-PSTR0.NDX;3072;b051d008;SCP 1715 V0005;1;
TK-PSTR1.DBF;5120;845fb3a2;SCP 1715 V0005;1;
TK-PSTR1.NDX;3072;2be4a3b8;SCP 1715 V0005;1;
TK-PSTR2.DBF;1024;8ffe808d;SCP 1715 V0005;1;
TK-PSTR2.NDX;1024;8cd3c94f;SCP 1715 V0005;1;
TK-PSTR3.DBF;1024;72c936ce;SCP 1715 V0005;1;
TK-PSTR3.NDX;1024;8cd3c94f;SCP 1715 V0005;1;
TK-PSTR4.DBF;1024;72c936ce;SCP 1715 V0005;1;
TK-PSTR4.NDX;1024;8cd3c94f;SCP 1715 V0005;1;
TK-PSTR5.DBF;1024;72c936ce;SCP 1715 V0005;1;
TK-PSTR5.NDX;1024;8cd3c94f;SCP 1715 V0005;1;
TK-PSTR6.DBF;1024;72c936ce;SCP 1715 V0005;1;
TK-PSTR6.NDX;1024;8cd3c94f;SCP 1715 V0005;1;
TK-PSTR7.DBF;1024;72c936ce;SCP 1715 V0005;1;
TK-PSTR7.NDX;1024;8cd3c94f;SCP 1715 V0005;1;
TK-PSTR8.DBF;1024;72c936ce;SCP 1715 V0005;1;
TK-PSTR8.NDX;1024;8cd3c94f;SCP 1715 V0005;1;
TK-PSTR9.DBF;1024;58a415b9;SCP 1715 V0005;1;
TK-PSTR9.NDX;1024;8cd3c94f;SCP 1715 V0005;1;
TK-PTEXT.DBF;1024;d0c8386d;SCP 1715 V0005;1;
TK-PUMW.CMD;4992;3d92a942;SCP 1715 V0005;1;"store ""N"" to eing"
TK-PUMWA.CMD;3456;7719d5eb;SCP 1715 V0005;1;@  1, 0 SAY VERS+KOSTEN+KOST+chr(131)
TK-PUMWD.CMD;4608;6a3d2ce0;SCP 1715 V0005;1;"@ 19, 8 SAY chr(133)+"" Legen Sie bitte ein A4-Blatt in den Drucker ein"
TK-STR.DBF;12800;bdd5b6ea;SCP 1715 V0005;1;
TLC.COM;21760;f411ca78;SCP 1715 V0004-0006;6;**** FILE NOT FOUND
TLC.PAR;128;d86e3e9d;SCP 1715 V0004-0006;6;
TLCX.PMA;8960;8199f232;SCP 1715 V0004-0006;1;
TLPEBGR.DBF;1024;7a1f9703;SCP 1715 V0005;1;
TMODE.CMD;1408;2dd1259c;SCP1700 (A7100);1;03SLOW SOFT SCROLL
TODS.BAS;1664;a6713b67;SCP 1715 V0004-0006;2;
TOPLINE.COM;19328;0b2fe340;SCP 1715 V0004-0006;1;Copyright (C) 1985 BORLAND Inc
TP.COM;17536;44a80c4f;SCP 3.0 (1715W);1;TEXTPROGRAMM (DEUTSCH) V1/3B (12/87) f. RBWS-SCPX u. -SCP3
TP.COM;17536;53c4a370;SCP 3.0 (1715W);1;TEXTPROGRAMM (DEUTSCH) V1/3B (12/87) f. RBWS-SCPX u. -SCP3
TP.COM;15872;699fccb6;SCP 1715 V0004-0006;1;Anpassung an CP/A, Version 20.04.88
TP.COM;30976;6ca50a34;SCP?ROBOTRON LOADER | ^#V++++++F+N | READ ERROR$NO FILE$ | ALL (, SCPX 1.x A5120;4;ROBOTRON    TP    VERSION  1.3
TP.COM;30976;8083ad8c;SCPX 1.x PRG;7;NKM    TP    VERSION  1.3
TP.COM;17408;a03f0ff8;SCPX 8915;1;TEXTPROGRAMM (DEUTSCH) V1/3 (09/85) fuer SCPX-RBWS (VM 00)
TP.COM;15872;a3f1ca5a;SCPX 8915;3;Anpassung an CP/A, Version 20.04.88
TP.COM;30848;c682e7c5;SCP 3.0 (1715W);1;COPYRIGHT (C) 1985 BORLAND INC
TP.COM;17536;d6e262bf;SCP 3.0 (1715W);2;Anpassung an CP/A, Version 19.11.86
TP.COM;17536;e9d61a61;SCP 3.0 (1715W);5;TEXTPROGRAMM (DEUTSCH) V1/3B (12/87) f. RBWS-SCPX u. -SCP3
TP01.COM;17408;512523e2;SCPX 8915;1;Extra Ausfuerung
TP120.COM;17536;8630c3c6;SCP 3.0 (1715W);5;TEXTPROGRAMM (DEUTSCH) V1/3B (12/87) f. RBWS-SCPX u. -SCP3
TPARCHIV.COM;17536;4b8a844d;SCP 3.0 (1715W);1;TEXTPROGRAMM (DEUTSCH) V1/3B (05/87) f. RBWS-SCPX u. -SCP3
TPDRUCK.COM;17536;1d967261;SCP 3.0 (1715W);1;TEXTPROGRAMM (DEUTSCH) V1/3B (12/87) f. RBWS-SCPX u. -SCP3
TPDRUCK.COM;17536;3924959b;SCP 3.0 (1715W);4;TEXTPROGRAMM (DEUTSCH) V1/3B (12/87) f. RBWS-SCPX u. -SCP3
TPDRUCK.OVR;7680;73e76b7f;SCP?ROBOTRON LOADER | ^#V++++++F+N | READ ERROR$NO FILE$ | ALL (, SCPX 1.x A5120, SCPX 1.x PRG;11;ROBOTRON TEXTPRO VERSION 1.0
TPDRUCK.OVR;7680;76003ac7;SCP 1715 V0004-0006, SCPX 8915;4;TEXTPROGRAMM (DEUTSCH) V1/3 (09/85)
TPDRUCK.OVR;7680;f56ac32e;SCP 3.0 (1715W), SCPX 8915;12;TEXTPROGRAMM (DEUTSCH) V1/3 (09/85)
TPG.COM;17408;27006211;SCPX 8915;1;TEXTPROGRAMM (DEUTSCH) V1/3 (09/85) fuer SCPX-RBWS (VM 00)
TPG.COM;17536;2cdf1f9d;SCP 3.0 (1715W);6;TEXTPROGRAMM (DEUTSCH) V1/3B (12/87) f. RBWS-SCPX u. -SCP3
TPG.COM;17536;fbd1fcda;SCP 3.0 (1715W);1;Textprogramm fuer Nadeldrucker / Jugendheim GmbH '91
TPHT.OVR;28544;98b98f9e;SCP 3.0 (1715W), SCPX 8915;11;TEXTPROGRAMM (DEUTSCH) V1/3 (09/85)
TPHT.OVR;30720;b85927d4;SCP?ROBOTRON LOADER | ^#V++++++F+N | READ ERROR$NO FILE$ | ALL (, SCPX 1.x A5120, SCPX 1.x PRG;11;.                            TP  3.00 Arbeits Texte
TPHT.OVR;28544;da30a8eb;SCP 3.0 (1715W);1;TEXTPROGRAMM (DEUTSCH) V1/3 (09/85)
TPHT.OVR;28544;f44803e4;SCP 1715 V0004-0006, SCPX 8915;4;TEXTPROGRAMM (DEUTSCH) V1/3 (09/85)
TPI05.TXT;2688;c1803cd2;SCP 1715 V0004-0006, SCP 3.0 (1715W);2;
TPI1-2.TXT;2048;048800b6;SCP 1715 V0004-0006, SCP 3.0 (1715W);2;
TPIDAISY.TXT;4352;af1bcc38;SCP 1715 V0004-0006;1;
TPIDAISY.TXT;4352;b757bda6;SCP 3.0 (1715W);1;
TPINSCPA.COM;4224;223a81c1;SCPX 1.x PRG;7;CP/A-Installation fuer Textprozessor, Version 02.04.87
TPINSCPA.COM;4736;8e1fef05;SCPX 8915;3;CP/A-Installation fuer Textprozessor, Version 20.04.88
TPINSTD.$$$;0;d41d8cd9;SCP 3.0 (1715W);1;
TPINSTD.000;42368;afb2b828;SCP 1715 V0004-0006, SCP 3.0 (1715W);10;
TPINSTD.001;9728;30cf75b6;SCPX 8915;1;
TPINSTD.001;66304;832446e7;SCP 1715 V0004-0006, SCP 3.0 (1715W);6;
TPINSTD.002;4352;23945008;SCPX 8915;1;
TPINSTD.002;15872;a8692e54;SCP 1715 V0004-0006, SCP 3.0 (1715W);6;
TPINSTD.011;10624;60e81a3c;SCP 3.0 (1715W), SCPX 8915;6;
TPINSTD.012;9856;670d3099;SCP 3.0 (1715W), SCPX 8915;6;
TPINSTD.COM;30208;790e2d17;SCP 1715 V0004-0006, SCP 3.0 (1715W);11;PASCAL 880/S RWS 0
TPINSTD.COM;9984;e315441b;SCPX 8915;1;memory to small
TPK.COM;17408;18cb5808;SCPX 8915;1;TEXTPROGRAMM (DEUTSCH) V1/3 (09/85) fuer SCPX-RBWS (VM 00)
TPKOM.TXT;8704;60da6ebe;SCP 3.0 (1715W);1;
TPKU.COM;17408;42b9fed0;SCPX 8915;1;*** UNINSTALLIERT ***
TPOVLY.OVR;34048;542eb6bb;SCP?ROBOTRON LOADER | ^#V++++++F+N | READ ERROR$NO FILE$ | ALL (, SCPX 1.x A5120, SCPX 1.x PRG;11;ROBOTRON TEXTPRO VERSION 1.0
TPOVLY0.OVR;34048;486e5ad9;SCP 3.0 (1715W), SCPX 1.x PRG, SCPX 8915;18;TEXTPROGRAMM (DEUTSCH) V1/3 (09/85)
TPOVLY1.OVR;34048;f9a6eba1;SCP 1715 V0004-0006, SCPX 8915;4;TEXTPROGRAMM (DEUTSCH) V1/3 (09/85)
TPSM.COM;17536;ecdd72c5;SCP 3.0 (1715W);1;Textprogramm fuer Schreibmaschine / Jugendheim GmbH '91
TPTWBGR.DBF;1536;bb1b1264;SCP 1715 V0005;1;
TRACE.UTL;2048;4be425fe;SCPX 1.x PRG;7;
TRAGKETF.BWH;43648;8cec109f;SCP 1715 V0005;1;
TRAKETF1.EPA;7552;1b1d1583;SCP 1715 V0005;1;
TRAKETF1.FB;9984;2850d539;SCP 1715 V0005;1;
TRAKETF1.LB;14080;6df60353;SCP 1715 V0005;1;
TRBPBGR.DBF;1536;6a17b049;SCP 1715 V0005;1;
TSI.CMD;34944;0aa64f2c;SCP1700 (A7100);1;C runtime library, Copyright 1982,1983by Digital Research 86 V1.10 11/
TTTDBGR.DBF;1024;2d44a3c0;SCP 1715 V0005;1;
TURBINA.ARJ;1920;8f082557;SCP 1715 V0004-0006;1;
TURBO.COM;30464;11313be1;SCPX 1.x PRG;5;Copyright (C) 1984 BORLAND Inc
TURBO.COM;30848;fd652289;CP/Z 2.2;1;Copyright (C) 1985 BORLAND Inc
TURBO.MSG;2560;467d5fa4;SCP 3.0 (1715W);1;
TURBO.MSG;1792;5e2d44b9;CP/Z 2.2;1;
TURBO.MSG;1536;bf496464;SCPX 1.x PRG;5;
TURBO.OVR;1152;6bae2602;SCP 3.0 (1715W);1;TURBO.COM NOT FOUND. Re-INSERT DISK IN DRIVE X: AND HIT RETURN$
TURBO.OVR;1152;ac6870f3;CP/Z 2.2;1;TURBO.COM not found. Re-insert disk in drive X: and hit RETURN$
TURBO.OVR;1024;e43b92f5;SCPX 1.x PRG;1;TURBO.COM not found. Re-insert disk in drive X: and hit RETURN$
TURF.BAS;10240;b16b9b98;SCP 1715 V0004-0006;2;
TUUBBGR.DBF;1536;44b25cf2;SCP 1715 V0005;1;
TW.COM;19456;71f78622;SCP 1715 V0005;1;CDEFILPRSTV#@$!*
TW10DUR.BAS;10368;f21f60a6;SCP 1715 V0005;1;
TW10DURX.BAS;10368;695618c4;SCP 1715 V0005;1;
TW10STWA.BAS;1792;a660f2fd;SCP 1715 V0005;1;
TWAN.DBF;1024;2bae7db3;SCP 1715 V0005;1;
TWANA.CMD;3840;00043d78;SCP 1715 V0005;1;* Programmname : TWANA.CMD                                            
TWANANG.CMD;1792;fcab5f2b;SCP 1715 V0005;1;@ 0,50 say'Erstellungsdatum '
TWANANGH.CMD;512;670e5ebb;SCP 1715 V0005;1;@ 3,0 say'(bei ueberarbeitetem Angebot sind'
TWANANR.CMD;1664;a62e1842;SCP 1715 V0005;1;@ 0,50 say'Erstellungsdatum '
TWANANRH.CMD;512;6b91da78;SCP 1715 V0005;1;@ 3,30 say'(Trans-Nr. o. ae.)'
TWANAUF.CMD;1024;33c53c62;SCP 1715 V0005;1;"@  0,50 SAY ""Erstellungsdatum"""
TWANAUS.DBF;2560;97a747e9;SCP 1715 V0005;1;
TWANAUSW.CMD;512;ab873a27;SCP 1715 V0005;1;*ME- HAHS  / -DRAMOLD0865-521-173-4      Test                         
TWANAUSW.DBF;105472;d2c5b66f;SCP 1715 V0005;1;
TWANDAT.DBF;1024;1343783a;SCP 1715 V0005;1;
TWANE.CMD;12800;2e6e93d0;SCP 1715 V0005;1;* Programmname : TWANE.CMD                                            
TWANERZ.CMD;1536;22146d7d;SCP 1715 V0005;1;"@  0,50 SAY ""Erstellungsdatum"""
TWANERZH.CMD;512;b7152c93;SCP 1715 V0005;1;* TWANERZA.CMD
TWANESF.CMD;1664;67a912fe;SCP 1715 V0005;1;@ 0,50 say'Erstellungsdatum '
TWANESFH.CMD;512;144dde89;SCP 1715 V0005;1;@ 3,5 say'(eintragen: Bezeichnung der Anlage'
TWANFKT.CMD;1536;9da73d8e;SCP 1715 V0005;1;@ 0,50 say'Erstellungsdatum '
TWANFKTH.CMD;512;8f82f56a;SCP 1715 V0005;1;@ 3,5 say'(nur fuer Einzelausruestungen gleicher techn. Daten erfassen
TWANHY.DBF;2048;71c7adc9;SCP 1715 V0005;1;
TWANHY1.CMD;1408;1685afff;SCP 1715 V0005;1;@ 0,50 say'Erstellungsdatum '
TWANHY2.CMD;1024;09865839;SCP 1715 V0005;1;"@  0,50 SAY ""Erstellungsdatum"""
TWANHY3.CMD;5632;5ec271f6;SCP 1715 V0005;1;do while mi<15
TWANHY3H.CMD;1024;1805ccc7;SCP 1715 V0005;1;* TWANHY3H.CMD
TWANHYU.CMD;2560;a92f8b05;SCP 1715 V0005;1;@ 0,50 say'Erstellungsdatum '
TWANHYUH.CMD;512;e9869167;SCP 1715 V0005;1;"@ 3,5 say 'Zutreffender Umfang ist mit ""*"" zu kennzeichnen !'"
TWANK.CMD;5376;676aeaaf;SCP 1715 V0005;1;* Programmname : TWANK.CMD                                            
TWANKENN.CMD;2560;66f38c90;SCP 1715 V0005;1;store '      ' to pass
TWANL.CMD;4096;43bfc172;SCP 1715 V0005;1;* Programmname : TWANL.CMD                                            
TWANMAB.CMD;1536;9ef1926c;SCP 1715 V0005;1;@ 0,50 say'Erstellungsdatum '
TWANMABH.CMD;512;e3a41eef;SCP 1715 V0005;1;"@ 3,10 say'Vorhandene Fremdsprache ist mit ""*"" zu kennzeichnen !'"
TWANMAS.CMD;2176;470bca13;SCP 1715 V0005;1;do while mi<10
TWANMB.DBF;1024;df2d07e9;SCP 1715 V0005;1;
TWANPRS.CMD;2688;973f7f80;SCP 1715 V0005;1;do while mi<10
TWANPRSH.CMD;512;10fab8a8;SCP 1715 V0005;1;"@ 2,10 say'Nach Eintragen ist vorlaeufiger Preis mit ""*"" zu kennzeichn"
TWANS.MEM;1536;7099a2a0;SCP 1715 V0005;1;
TWANSPF.CMD;1152;c89cb072;SCP 1715 V0005;1;@ 0,50 say'Erstellungsdatum '
TWANSTD.CMD;1536;9fdcfe77;SCP 1715 V0005;1;@ 0,50 say'Erstellungsdatum '
TWANSTDH.CMD;512;27307f04;SCP 1715 V0005;1;@ 3,25 say'(eintragen: Monat/Jahr)'
TWANSU.DBF;3072;3b692789;SCP 1715 V0005;1;
TWANSUCH.CMD;5632;4fc22cb6;SCP 1715 V0005;1;* Programmname : TWANSUCH.CMD                                         
TWANSUCH.DBF;3072;57f64d71;SCP 1715 V0005;1;
TWANSUCH.NDX;4096;337a9620;SCP 1715 V0005;1;
TWANV.CMD;6784;bc44849c;SCP 1715 V0005;1;* Programmname : TWANV.CMD                                            
TWANVS1.CMD;2688;947a46ba;SCP 1715 V0005;1;"@  0,50 SAY ""Erstellungsdatum"""
TWANVS2.CMD;2048;093f4275;SCP 1715 V0005;1;"@  0,50 SAY ""Erstellungsdatum"""
TWANVS3.CMD;2560;9d89dc7d;SCP 1715 V0005;1;"@  0,50 SAY ""Erstellungsdatum"""
TWANVSM.CMD;1920;9bab889c;SCP 1715 V0005;1;@ 0,50 say'Erstellungsdatum '
TWANVSMH.CMD;384;39c6c06d;SCP 1715 V0005;1;@ 5,5 say'Kennziffern aus Kennziffernfeldern der AMK 22 oder'
TWKENN.DBF;1024;07cab8e6;SCP 1715 V0005;1;
TWKENN.NDX;1024;41134bdf;SCP 1715 V0005;1;
TWKENNU.NDX;1024;77edaba6;SCP 1715 V0005;1;
TWONKY.BAS;5120;b0696bc9;SCP 1715 V0004-0006;2;
TWWBBGR.DBF;1024;56985170;SCP 1715 V0005;1;
TWWGBGR.DBF;1024;e9fece8f;SCP 1715 V0005;1;
TWWUBGR.DBF;1024;e2f94048;SCP 1715 V0005;1;
TWWVBGR.DBF;1024;f5021ea3;SCP 1715 V0005;1;
TYPE.COM;1664;534fc64d;SCP 1715 V0004-0006;1;TYPE.COM  Version 2.0  zu KC-MicroDOS  (c) ML-Soft 18.06.94
TYPE.COM;3072;561e9ee2;SCP 3.0 (1715W);8;SCP 3.0         Copyright  (c)  1986, R-BWS     010186
UD.COM;8576;490c8de4;SCP 1715 V0004-0006;1;udaw~ik
UDIR.COM;2688;7573f4ee;CP/Z 2.2;1;CP/M   (c) 2008-2014, M. Leubner
UFO.COM;25984;d0ae9cc0;SCP 1715 V0004-0006;2;Ladehugo d.R.!
UFO.DAT;128;c2096b4b;SCP 1715 V0004-0006;2;
UGET.COM;4224;198bc012;CP/Z 2.2;1;!!!TIME&DAT????????TMP$$$     SUB????????$?$????????BAK[??????]???BACK
UMSBBD.CHN;4480;fbf0318d;SCP 1715 V0004-0006;2;
UNERA.COM;2176;115ebf55;SCP 1715 V0004-0006;2;UNERA - Version 2.2
UPQUELLE.BAS;3840;182ddee2;SCP 1715 V0005;1;
UPUT.COM;4352;e3064d69;CP/Z 2.2;1;!!!TIME&DAT????????TMP$$$     SUB????????$?$????????BAK[??????]???BACK
URA.ARJ;768;c79424d4;SCP 1715 V0004-0006;1;
URLAUB.TXT;1280;2de1efa8;SCP 3.0 (1715W);1;
USB.COM;2176;9210b6f6;CP/Z 2.2;1;CP/M   (c) 2008-2014, M. Leubner
USING.BAS;384;0f11f1b7;SCP 1715 V0005;1;
VERIFY.COM;2048;965fc9d4;SCP 1715 V0004-0006;1;VERIFY - ROBOTRON
VERKABL.OSK;19200;5086f084;SCP 1715 V0005;1;
WALL.COM;2688;deb8fcea;SCP 1715 V0004-0006;1;\\\\\\\\\\\\\\\\\\\\\\\\\\\\\\\\\\\\\\\\\\\\\\\\\\\\\\\\\\\\\\\\\\\\\\
WEICHEN;2048;109194ea;SCP 3.0 (1715W);1;
WEICHEN.BAK;1280;080034dd;SCP 3.0 (1715W);1;
WIRUS.ARJ;11648;cefacc91;SCP 1715 V0004-0006;1;
WM87.L86;1152;a45a1381;SCP1700 (A7100);1;
WRTABGR.DBF;1024;6d213ee0;SCP 1715 V0005;1;
WS.COM;15872;8094be90;SCP 3.0 (1715W);1;COPYRIGHT (C) 1981  MICROPRO INTERNATIONAL CORPORATION
WS330.COM;17664;e39dfc4d;CP/Z 2.2;1;COPYRIGHT (C) 1983, MicroPro International Corporation.
WSG86.COM;15872;9e460f22;SCP 1715 V0005;1;***  WORDSTAR    VERSION 3.0  ***
WSMSGS.OVR;27904;4d3a7b61;SCP 3.0 (1715W);1;COPYRIGHT(C) 1980 MICROPRO INTERNATIONAL, SAN RAFAEL, CALIFORNIA, USA.
WSMSGS.OVR;30720;8c0192e3;SCP 1715 V0005;1;COPYRIGHT(C) 1980 MICROPRO INTERNATIONAL, SAN RAFAEL, CALIFORNIA, USA.
WSMSGS.OVR;30080;f3abb91a;CP/Z 2.2;1;COPYRIGHT (C) 1983, MicroPro International Corporation.
WSOVLY1.OVR;34048;363d0a41;SCP 3.0 (1715W);1;COPYRIGHT (C) 1981, MICROPRO INTERNATIONAL,
WSOVLY1.OVR;34048;4bec8e3d;SCP 1715 V0005;1;MicroPro WordStar Version 3.0
WSOVLY1.OVR;33536;de853626;CP/Z 2.2;1;COPYRIGHT (C) 1983, MicroPro International Corporation.
WUAGBGR.DBF;1536;1864514a;SCP 1715 V0005;1;
WUAUBGR.DBF;1024;ee8d9da5;SCP 1715 V0005;1;
WUBVBGR.DBF;2560;709e5bde;SCP 1715 V0005;1;
WUGSBGR.DBF;1024;ead57b73;SCP 1715 V0005;1;
WUKPBGR.DBF;1536;3c42e0ed;SCP 1715 V0005;1;
WUMPUS.BAS;6528;09c1b63f;SCP 1715 V0004-0006;2;
WUPTBGR.DBF;1536;a05b5d61;SCP 1715 V0005;1;
WURM.COM;6528;c9558eee;SCP 1715 V0004-0006, SCPX 1.x A5120;5;}WWURMBILD.DAT
WURM.DAT;128;5ffb5b2f;SCP 1715 V0004-0006;2;
WURM.DAT;256;f26a0ea3;SCPX 1.x A5120;3;
WURMBILD.DAT;10880;83eed2f0;SCPX 1.x A5120;3;
WURMBILD.DAT;10880;b382f479;SCP 1715 V0004-0006;2;
WURMI.COM;13824;ed2d7a24;SCP 1715 V0004-0006;1;Copyright (C) 1984 BORLAND Inc
WURMI.DAT;256;24ce4620;SCP 1715 V0004-0006;1;
WURMI.DAT;256;f6035727;SCP 1715 V0004-0006;2;
WUSUBGR.DBF;1024;01b0b651;SCP 1715 V0005;1;
WUWBBGR.DBF;1024;dbfd9cc4;SCP 1715 V0005;1;
XDIR.COM;3072;97ba2d22;CP/Z 2.2;1;DIRECTORY, DRIVE -
XDIR.COM;3200;e1d3cd8e;SCP 1715 V0004-0006;2;DIRECTORY, DRIVE -
XONIX.COM;5120;31c33709;SCP 1715 V0004-0006;1;COPYRIGHT (C) - 1987, R & BDB
XREF86.CMD;17664;d0f1d502;SCP1700 (A7100);1;
XSUB.COM;768;3b6afe5d;SCP 1715 V0004-0006;2;EXTENDED SUBMIT XSUB 1/1XSUB ALREADY PRESENT$REQUIRES ROBOTRON-BWS SCP
XSUB.COM;768;91863c21;SCPX 1.x PRG;1;Extended Submit XSUB 1.0Xsub Already Present$Requires SCPX V 1.0 or CP
XSUB.COM;768;bcdf7e85;SCPX 8915;1;Extended Submit XSUB 1/0Xsub Already Present$Requires robotron (REZ) S
ZAP.COM;16256;6a35b24d;CP/Z 2.2;1;ZAP80 release R1.4,   serial # ZP0000C0
ZAQW.BAK;768;757bd915;SCP 1715 V0004-0006;1;
ZAQW.TXT;768;7b72e500;SCP 1715 V0004-0006;1;
ZEXALL.COM;8704;4a32f2a6;CP/Z 2.2;1;.aluop a,nn....................$
ZSID.COM;10496;539bc91e;SCP?ROBOTRON LOADER | ^#V++++++F+N | READ ERROR$NO FILE$ | ALL (;1;COPYRIGHT (C) 1977, DIGITAL RESEARCH     ZSID VERS 1.4$1
ZSID.COM;10240;9e36cc44;SCP 1715 V0004-0006;1;COPYRIGHT (C) 1977, DIGITAL RESEARCH     ZSID VERS 1.4$1
ZSLAP.COM;10240;47496f83;CP/Z 2.2;1;COPYRIGHT                 ZSLAP V1.4$ (C) XORS  1.86$$$1
ZWEZDY.ARJ;384;8afa7dad;SCP 1715 V0004-0006;1;
ZZ030691.001;1024;9a8918b1;SCP 1715 V0004-0006;2;
